-- Active: 1702008151492@@127.0.0.1@3306@onlinebs

-- 防止因为外键的问题报错
SET FOREIGN_KEY_CHECKS = 0;

-- author
INSERT INTO author VALUES('八月长安','Chinese',1987,'八月长安，原名刘婉荟，1987年8月12日出生于黑龙江省哈尔滨市，毕业于北京大学光华管理学院，中国青春文学作家。',6);
INSERT INTO author VALUES('Elena Ferrante','Italish',1943,'意大利当代匿名作家，2011年开始发表那不勒斯四部曲引起轰动，成为国际畅销书,2016年入选《时代周刊》评选的当今世界100个最具影响力的人物榜单',9);
INSERT INTO author VALUES('汪曾祺','Chinese',1920,'汪曾祺的散文没有结构的苦心经营，也不追求题旨的玄奥深奇，平淡质朴，娓娓道来，如话家常。',20);
INSERT INTO author VALUES('凑佳苗','Japanese',1973,NULL,18);
INSERT INTO author VALUES('林欣浩','Chinese',1981,'本人超级喜欢的一位作家！',8);
INSERT INTO author VALUES('金爱烂','Korean',1980,'朋友安利的一位作家，描述的很能让东亚女性共情！',5);
INSERT INTO author VALUES('马伯庸','Chinese',1980,NULL,9);
INSERT INTO author VALUES('蒋勋','Chinese',1947,NULL,9);
INSERT INTO author VALUES('Jeanette Winterson','English',1959,'曾获得惠特布莱德奖、英国电影学院奖最佳戏剧奖、大英帝国勋章等多个奖项及荣誉',7);
INSERT INTO author VALUES('Fredrik Backman','Swedish',1981,'2012年发表处女作《一个叫欧维的男人决定去死》令他一举成名，这部小说被翻译成25种语言，成为国际畅销书，2015年被改编成同名电影，获提名第89届奥斯卡最佳外语片奖',7);
INSERT INTO author VALUES('胡迁','Chinese',1988,NULL,4);

-- press
INSERT INTO press VALUES('长江文艺出版社','湖北省武汉市洪山区雄楚大街268号b座11楼1101室',2);
INSERT INTO press VALUES('北京联合出版有限公司','北京市朝阳区安华西里一区十三楼',11);
INSERT INTO press VALUES('湖南文艺出版社','长沙市开福区月湖街道匍园路71号马栏山信息中心1号栋419房',15);
INSERT INTO press VALUES('江苏凤凰文艺出版社','南京市中央路165号',5);
INSERT INTO press VALUES('人民文学出版社','北京市东城区朝阳门内大街166号',13);
INSERT INTO press VALUES('北岳文艺出版社','北京市东城区朝阳门内大街166号',1);
INSERT INTO press VALUES('江西人民出版社','南昌市三经路47号附1号',1);
INSERT INTO press VALUES('浙江人民出版社','杭州市体育场路347号11-13层',1);
INSERT INTO press VALUES('天津人民出版社','天津市和平区西康路35号5-6层',7);
INSERT INTO press VALUES('时代文艺出版社','长春市净月高新技术产业开发区福祉大路5788号龙腾国际大厦A座15层1501-1503',1);
INSERT INTO press VALUES('山东画报出版社','济南市胜利大街39号',1);
INSERT INTO press VALUES('江苏人民出版社','南京市鼓楼区湖南路1号A楼',1);
INSERT INTO press VALUES('光明日报出版社','北京市西城区永安路106号',1);
INSERT INTO press VALUES('中国青年出版社','北京市东城区东四十二条21号',2);
INSERT INTO press VALUES('江苏文艺出版社','江苏南京湖南路47号',1);
INSERT INTO press VALUES('中信出版社','北京市朝阳区惠新东街甲4号8-10层',5);
INSERT INTO press VALUES('作家出版社','北京市朝阳区农展馆南里10号',2);
INSERT INTO press VALUES('广东人民出版社','广州市越秀区大沙头四马路10号',1);
INSERT INTO press VALUES('百花文艺出版社','天津市和平区西康路35号康岳大厦7-8层',1);
INSERT INTO press VALUES('南海出版社','海南省海口市海秀中路51-1号星城大厦第5层5A房',3);
INSERT INTO press VALUES('新星出版社','北京市西城区车公庄大街丙3-1',2);
INSERT INTO press VALUES('九州出版社','北京市西城区阜成门外大街甲35号',3);
INSERT INTO press VALUES('化学工业出版社','北京市东城区青年湖南街13号',2);
INSERT INTO press VALUES('四川文艺出版社','四川省成都市金石路新华之星大厦26层',3);
INSERT INTO press VALUES('北京日报出版社','北京市东城区朝阳门南小街6号楼303室',1);
INSERT INTO press VALUES('长江出版社','武汉市江岸区解放大道1863号长江水利委员会3号楼401-417室',1);
INSERT INTO press VALUES('四川少年儿童出版社','四川省成都市锦江区工业园区三色路238号1栋1单元23层',2);
INSERT INTO press VALUES('辽宁人民出版社','辽宁省沈阳市和平区十一纬路25号',1);
INSERT INTO press VALUES('天天出版社','北京市东城区东中街42号2号楼二层',1);
INSERT INTO press VALUES('浙江文艺出版社','浙江省杭州市体育场路347号',1);
INSERT INTO press VALUES('春风文艺出版社','沈阳市和平区十一纬路25号',1);
INSERT INTO press VALUES('上海文艺出版社','上海市绍兴路74号2楼',2);
INSERT INTO press VALUES('浙江大学出版社','天目山路浙江大学西溪校区',1);
INSERT INTO press VALUES('二十一世纪出版社','江西省南昌市子安路75号',1);
INSERT INTO press VALUES('湖南美术出版社','长沙市雨花区东二环622号',1);
INSERT INTO press VALUES('上海三联出版社','上海市绍兴路5号',1);
INSERT INTO press VALUES('生活·读书·新知三联书店 ','北京市东城区美术馆东街22号',1);
INSERT INTO press VALUES('译林出版社','南京市湖南路1号A楼',2);

-- category
INSERT INTO category VALUES('青春文学',6);
INSERT INTO category VALUES('外国小说',18);
INSERT INTO category VALUES('外国随笔',4);
INSERT INTO category VALUES('中国现当代随笔',16);
INSERT INTO category VALUES('社会小说',11);
INSERT INTO category VALUES('文集',2);
INSERT INTO category VALUES('名家文学',2);
INSERT INTO category VALUES('中国当代小说',5);
INSERT INTO category VALUES('推理小说',14);
INSERT INTO category VALUES('哲学',3);
INSERT INTO category VALUES('历史',6);
INSERT INTO category VALUES('休闲',2);
INSERT INTO category VALUES('法律',1);
INSERT INTO category VALUES('艺术',3);
INSERT INTO category VALUES('文学评论',3);
INSERT INTO category VALUES('情感小说',5);
INSERT INTO category VALUES('传记',1);

-- book
INSERT INTO book VALUES('9787535482822','你好旧时光','青春不朽',2015,1,1.00,'长江文艺出版社','八月长安','青春文学',57);
INSERT INTO book VALUES('9787535494160','暗恋橘生淮南','女主嘴炮能力超强！',2017,9,1.00,'北京联合出版有限公司','八月长安','青春文学',54);
INSERT INTO book VALUES('9787540462642','最好的我们','高中真的超级美好555',2013,3,1.0,'湖南文艺出版社','八月长安','青春文学',54);
INSERT INTO book VALUES('9787559425935','这么多年','啊啊啊啊啊原生家庭是很多东亚人的痛！',2013,21990,0.999,'江苏凤凰文艺出版社','八月长安','青春文学',61);
INSERT INTO book VALUES('9787535491978','时间的女儿',NULL,2017,1,1.0,'长江文艺出版社','八月长安','青春文学',5);
INSERT INTO book VALUES('9787540462666','被偷走的那五年',NULL,2013,2,1.0,'湖南文艺出版社','八月长安','青春文学',14);
INSERT INTO book VALUES('9787020120130','我的天才女友','很有共鸣！',2017,12936,1.0,'人民文学出版社','Elena Ferrante','外国小说',31);
INSERT INTO book VALUES('9787532169948','新名字的故事','好绝望好迷茫',2019,1221,1.0,'人民文学出版社','Elena Ferrante','外国小说',36);
INSERT INTO book VALUES('9787532169955','离开的，留下的','想刀了Nino',2019,1,1.0,'人民文学出版社','Elena Ferrante','外国小说',36);
INSERT INTO book VALUES('9787532170081','失踪的孩子','看完会让你浅浅的心碎',2019,1539,1.0,'人民文学出版社','Elena Ferrante','外国小说',36);
INSERT INTO book VALUES('9787020169498','成年人的谎言生活',NULL,2021,10974,0.999,'人民文学出版社','Elena Ferrante','外国小说',31);
INSERT INTO book VALUES('9787020159178','碎片',NULL,2020,19377,1.0,'人民文学出版社','Elena Ferrante','外国随笔',31);
INSERT INTO book VALUES('9787020174782','烦人的爱',NULL,2022,2065,0.999,'人民文学出版社','Elena Ferrante','外国小说',20);
INSERT INTO book VALUES('9787020146161','偶然的创造',NULL,2022,2535,1.0,'人民文学出版社','Elena Ferrante','外国随笔',33);
INSERT INTO book VALUES('9787020179688','被遗弃的日子',NULL,2023,1063,1.0,'人民文学出版社','Elena Ferrante','外国小说',30);
INSERT INTO book VALUES('9787537861120','人间草木',NULL,2020,26719,1.0,'北岳文艺出版社','汪曾祺','中国现当代随笔',21);
INSERT INTO book VALUES('9787559420008','受戒',NULL,2018,0,NULL,'江苏凤凰文艺出版社','汪曾祺','社会小说',20);
INSERT INTO book VALUES('9787210088004','生活，是很好玩的',NULL,2016,1120,0.999,'江西人民出版社','汪曾祺','中国现当代随笔',25);
INSERT INTO book VALUES('9787213105814','五味',NULL,2023,1001,1.0,'浙江人民出版社','汪曾祺','文集',23);
INSERT INTO book VALUES('9787559420015','岁朝清供',NULL,2018,2333,1.0,'江苏凤凰文艺出版社','汪曾祺','名家文学',18);
INSERT INTO book VALUES('9787201086545','人间滋味',NULL,2014,40550,0.998,'天津人民出版社','汪曾祺','中国现当代随笔',17);
INSERT INTO book VALUES('9787538756395','大淖记事',NULL,2018,42587,1.0,'时代文艺出版社','汪曾祺','社会小说',17);
INSERT INTO book VALUES('9787547424568','我在西南联大的日子',NULL,2018,9089,1.0,'山东画报出版社','汪曾祺','中国现当代随笔',27);
INSERT INTO book VALUES('9787214127624','食事',NULL,2014,81041,0.998,'江苏人民出版社','汪曾祺','中国现当代随笔',16);
INSERT INTO book VALUES('9787519456788','家人闲坐，灯火可亲',NULL,2020,54,1.0,'光明日报出版社','汪曾祺','中国现当代随笔',16);
INSERT INTO book VALUES('9787515313023','老味道',NULL,2022,370,0.997,'中国青年出版社','汪曾祺','名家文学',23);
INSERT INTO book VALUES('9787539963761','做饭',NULL,2013,5507,0.997,'江苏文艺出版社','汪曾祺','中国现当代随笔',16);
INSERT INTO book VALUES('9787201127163','山河故人',NULL,2018,11400,1.0,'天津人民出版社','汪曾祺','中国现当代随笔',24);
INSERT INTO book VALUES('9787550273603','茶，汤和好天气',NULL,2016,4,1.0,'北京联合出版有限公司','汪曾祺','中国现当代随笔',13);
INSERT INTO book VALUES('9787508680798','肉食者不鄙',NULL,2016,1383,1.0,'中信出版社','汪曾祺','中国现当代随笔',34);
INSERT INTO book VALUES('9787506360753','草木春秋',NULL,2020,1149,1.0,'作家出版社','汪曾祺','文集',14);
INSERT INTO book VALUES('9787500699415','水蛇腰',NULL,2011,2,1.0,'中国青年出版社','汪曾祺','中国当代小说',22);
INSERT INTO book VALUES('9787218138640','聊斋新义',NULL,2020,1,1.0,'广东人民出版社','汪曾祺','中国当代小说',25);
INSERT INTO book VALUES('9787550022188','一定要，爱着点什么',NULL,2017,1,1.0,'百花文艺出版社','汪曾祺','中国现当代随笔',40);
INSERT INTO book VALUES('9787201086538','人间有戏',NULL,2014,8124,0.998,'天津人民出版社','汪曾祺','中国现当代随笔',17);
INSERT INTO book VALUES('9787540494247','告白','中日两国畅销十年，推理小说经典读物，日本推理小说家凑佳苗成名之作，极善与极恶之间，校园与少年之中，伦理与正义分歧，每个人的看法都天差地别 ',2020,74731,0.992,'湖南文艺出版社','凑佳苗','推理小说',24);
INSERT INTO book VALUES('9787544272179','赎罪',NULL,2014,0,NULL,'南海出版社','凑佳苗','推理小说',20);
INSERT INTO book VALUES('9787544256872','为了N',NULL,2012,0,NULL,'南海出版社','凑佳苗','推理小说',48);
INSERT INTO book VALUES('9787559618030','往复书简',NULL,2018,0,NULL,'北京联合出版有限公司','凑佳苗','推理小说',8);
INSERT INTO book VALUES('9787540451967','夜行观览车',NULL,2012,1,1.0,'湖南文艺出版社','凑佳苗','推理小说',17);
INSERT INTO book VALUES('9787544254885','少女',NULL,2011,0,NULL,'南海出版社','凑佳苗','推理小说',18);
INSERT INTO book VALUES('9787513319843','物语终焉',NULL,2016,0,NULL,'新星出版社','凑佳苗','社会小说',23);
INSERT INTO book VALUES('9787540452537','花之链',NULL,2012,0,NULL,'湖南文艺出版社','凑佳苗','推理小说',13);
INSERT INTO book VALUES('9787540465445','闺蜜',NULL,2014,0,NULL,'湖南文艺出版社','凑佳苗','推理小说',6);
INSERT INTO book VALUES('9787510842832','睡在豌豆上',NULL,2016,0,NULL,'九州出版社','凑佳苗','社会小说',27);
INSERT INTO book VALUES('9787508669878','山女日记',NULL,2017,0,NULL,'中信出版社','凑佳苗','社会小说',26);
INSERT INTO book VALUES('9787506375320','蓝宝石',NULL,2014,0,NULL,'作家出版社','凑佳苗','社会小说',9);
INSERT INTO book VALUES('9787122224927','母性',NULL,2012,0,NULL,'化学工业出版社','凑佳苗','推理小说',57);
INSERT INTO book VALUES('9787559610652','绝唱',NULL,2018,0,NULL,'北京联合出版有限公司','凑佳苗','推理小说',16);
INSERT INTO book VALUES('9787559617316','反转',NULL,2018,0,NULL,'北京联合出版有限公司','凑佳苗','推理小说',17);
INSERT INTO book VALUES('9787541154737','望乡',NULL,2020,0,NULL,'四川文艺出版社','凑佳苗','外国小说',14);
INSERT INTO book VALUES('9787020119769','白雪公主杀人事件',NULL,2023,0,NULL,'人民文学出版社','凑佳苗','推理小说',49);
INSERT INTO book VALUES('9787122255181','高校入试',NULL,2016,0,NULL,'化学工业出版社','凑佳苗','推理小说',13);
INSERT INTO book VALUES('9787547742181','哲学家们都干了些什么',NULL,2022,11954,1.0,'北京日报出版社','林欣浩','哲学',30);
INSERT INTO book VALUES('9787549256525','佛祖都说了些什么',NULL,2018,41,1.0,'长江出版社','林欣浩','哲学',26);
INSERT INTO book VALUES('9787536564718','哇，历史原来可以这样学1',NULL,2016,3562,0.999,'四川少年儿童出版社','林欣浩','历史',11);
INSERT INTO book VALUES('9787536564725','哇，历史原来可以这样学2',NULL,2016,2373,0.998,'四川少年儿童出版社','林欣浩','历史',13);
INSERT INTO book VALUES('9787205065201','一个人也得下厨房',NULL,2009,0,NULL,'辽宁人民出版社','林欣浩','休闲',22);
INSERT INTO book VALUES('9787501616268','诸子百家闪耀时',NULL,2020,10135,1.0,'天天出版社','林欣浩','哲学',20);
INSERT INTO book VALUES('9787533956882','破局',NULL,2019,0,NULL,'浙江文艺出版社','林欣浩','历史',21);
INSERT INTO book VALUES('9787531337737','宅男美食大作战',NULL,2010,0,NULL,'春风文艺出版社','林欣浩','休闲',9);
INSERT INTO book VALUES('9787020171774','你的夏天还好吗？','书中形形色色的人物大多面临绝境，赤裸裸地暴露在现实之中，却试图寻找渺茫的希望。',2022,10556,1.0,'人民文学出版社','金爱烂','外国小说',26);
INSERT INTO book VALUES('9787020171910','外面是夏天',NULL,2022,0,NULL,'人民文学出版社','金爱烂','外国小说',25);
INSERT INTO book VALUES('9787532151844','噙满口水',NULL,2014,0,NULL,'上海文艺出版社','金爱烂','外国小说',383);
INSERT INTO book VALUES('9787020173747','我的忐忑人生',NULL,2022,21,1.0,'人民文学出版社','金爱烂','外国随笔',39);
INSERT INTO book VALUES('9787532145140','老爸，快跑',NULL,2012,0,NULL,'上海文艺出版社','金爱烂','社会小说',131);
INSERT INTO book VALUES('9787540478315','长安十二时辰',NULL,2020,534,0.998,'湖南文艺出版社','马伯庸','历史',50);
INSERT INTO book VALUES('9787550266384','古董局中局',NULL,2018,40880,1.0,'湖南文艺出版社','马伯庸','推理小说',92);
INSERT INTO book VALUES('9787540488475','显微镜下的大明','已经改编为电视剧',2019,236396,1.0,'湖南文艺出版社','马伯庸','历史',26);
INSERT INTO book VALUES('9787308106603','我读书少，你可别骗我',NULL,2012,5,1.0,'浙江大学出版社','马伯庸','中国当代小说',39);
INSERT INTO book VALUES('9787540482855','风起陇西',NULL,2017,25668,1.0,'湖南文艺出版社','马伯庸','历史',28);
INSERT INTO book VALUES('9787540483388','三国机密',NULL,2017,33272,1.0,'湖南文艺出版社','马伯庸','社会小说',40);
INSERT INTO book VALUES('9787540490874','三国配角演义',NULL,2019,21717,0.999,'湖南文艺出版社','马伯庸','历史',25);
INSERT INTO book VALUES('9787540473464','龙与地下铁',NULL,2016,10512,0.997,'湖南文艺出版社','马伯庸','中国当代小说',20);
INSERT INTO book VALUES('9787539138244','殷商舰队玛雅征服史',NULL,2007,1,1.0,'二十一世纪出版社','马伯庸','法律',93);
INSERT INTO book VALUES('9787559446619','孤独六讲',NULL,2020,14629,1.0,'江苏凤凰文艺出版社','蒋勋','中国现当代随笔',21);
INSERT INTO book VALUES('9787559446596','生活十讲',NULL,2020,3995,1.0,'江苏凤凰文艺出版社','蒋勋','中国现当代随笔',21);
INSERT INTO book VALUES('9787535672100','写给大家的西方美术史',NULL,2020,170446,0.998,'湖南美术出版社','蒋勋','艺术',49);
INSERT INTO book VALUES('9787508670911','蒋勋说红楼梦',NULL,2021,45993,0.999,'中信出版社','蒋勋','文学评论',264);
INSERT INTO book VALUES('9787535668776','吴哥之美',NULL,2020,45626,0.987,'湖南文艺出版社','蒋勋','中国现当代随笔',39);
INSERT INTO book VALUES('9787542678997','汉字书法之美',NULL,2020,1766,0.999,'上海三联出版社','蒋勋','艺术',59);
INSERT INTO book VALUES('9787508647579','蒋勋说宋词',NULL,2014,56178,0.999,'中信出版社','蒋勋','文学评论',29);
INSERT INTO book VALUES('9787508647562','蒋勋说唐诗',NULL,2014,57061,0.999,'中信出版社','蒋勋','文学评论',22);
INSERT INTO book VALUES('9787108030061','给青年艺术家的信',NULL,2009,0,NULL,'生活·读书·新知三联书店 ','蒋勋','艺术',88);
INSERT INTO book VALUES('9787559614711','橘子不是唯一的水果',NULL,2018,329085,0.999,'北京联合出版有限公司','Jeanette Winterson','社会小说',25);
INSERT INTO book VALUES('9787559614988','我要快乐，不必正常',NULL,2018,41305,1.0,'北京联合出版有限公司','Jeanette Winterson','传记',25);
INSERT INTO book VALUES('9787559634276','写在身体上',NULL,2019,6759,1.0,'北京联合出版有限公司','Jeanette Winterson','外国小说',25);
INSERT INTO book VALUES('9787559641984','给樱桃以性别',NULL,2020,14951,1.0,'北京联合出版有限公司','Jeanette Winterson','外国小说',30);
INSERT INTO book VALUES('9787540493240','守望灯塔',NULL,2020,2,1.0,'湖南文艺出版社','Jeanette Winterson','社会小说',19);
INSERT INTO book VALUES('9787550272842','时间之间',NULL,2016,0,NULL,'北京联合出版有限公司','Jeanette Winterson','情感小说',15);
INSERT INTO book VALUES('9787513301510','激情',NULL,2011,1,1.0,'新星出版社','Jeanette Winterson','情感小说',26);
INSERT INTO book VALUES('9787541157226','一个叫欧维的男人决定去死',NULL,2020,30475,1.0,'四川文艺出版社','Fredrik Backman','外国小说',41);
INSERT INTO book VALUES('9787201116693','外婆的道歉信',NULL,2017,659579,1.0,'天津人民出版社','Fredrik Backman','情感小说',41);
INSERT INTO book VALUES('9787201129396','清单人生',NULL,2018,115911,1.0,'天津人民出版社','Fredrik Backman','情感小说',21);
INSERT INTO book VALUES('9787541149337','熊镇',NULL,2018,61554,1.0,'四川文艺出版社','Fredrik Backman','外国小说',36);
INSERT INTO book VALUES('9787201142821','时间的礼物',NULL,2018,57146,0.999,'天津人民出版社','Fredrik Backman','情感小说',18);
INSERT INTO book VALUES('9787559628015','长长的回家路',NULL,2019,1,1.0,'北京联合出版有限公司','Fredrik Backman','外国小说',15);
INSERT INTO book VALUES('9787201158716','不要和你妈争辩',NULL,2019,18814,0.999,'天津人民出版社','Fredrik Backman','外国随笔',20);
INSERT INTO book VALUES('9787510846403','大裂',NULL,2017,7,1.0,'九州出版社','胡迁','推理小说',59);
INSERT INTO book VALUES('9787510857720','牛蛙',NULL,2017,0,NULL,'九州出版社','胡迁','中国现当代随笔',24);
INSERT INTO book VALUES('9787544780216','大象席地而坐',NULL,2022,10988,1.0,'译林出版社','胡迁','中国当代小说',34);
INSERT INTO book VALUES('9787544774277','远处的拉莫',NULL,2018,0,NULL,'译林出版社','胡迁','中国当代小说',37);

-- vip_rate
INSERT INTO vip_rate VALUES(0,1.0);
INSERT INTO vip_rate VALUES(1,0.9);
INSERT INTO vip_rate VALUES(2,0.8);
INSERT INTO vip_rate VALUES(3,0.7);
INSERT INTO vip_rate VALUES(4,0.6);
INSERT INTO vip_rate VALUES(5,0.5);
INSERT INTO vip_rate VALUES(6,0.4);

-- order_book
INSERT INTO order_book VALUES('9787020171910',1,2);
INSERT INTO order_book VALUES('9787020159178',1,1);
INSERT INTO order_book VALUES('9787213105814',2,1);
INSERT INTO order_book VALUES('9787508670911',3,4);
INSERT INTO order_book VALUES('9787508670911',4,1);
INSERT INTO order_book VALUES('9787020119769',5,1);
INSERT INTO order_book VALUES('9787020120130',6,1);
INSERT INTO order_book VALUES('9787020146161',7,1);
INSERT INTO order_book VALUES('9787020159178',8,1);
INSERT INTO order_book VALUES('9787020169498',9,1);
INSERT INTO order_book VALUES('9787020171774',10,1);
INSERT INTO order_book VALUES('9787020171910',11,1);
INSERT INTO order_book VALUES('9787020173747',12,1);
INSERT INTO order_book VALUES('9787020174782',13,1);
INSERT INTO order_book VALUES('9787020179688',14,1);
INSERT INTO order_book VALUES('9787108030061',15,1);
INSERT INTO order_book VALUES('9787122224927',16,1);
INSERT INTO order_book VALUES('9787122255181',17,1);
INSERT INTO order_book VALUES('9787201086538',18,1);
INSERT INTO order_book VALUES('9787201086545',19,1);
INSERT INTO order_book VALUES('9787201116693',20,1);
INSERT INTO order_book VALUES('9787201127163',21,1);
INSERT INTO order_book VALUES('9787201129396',22,1);
INSERT INTO order_book VALUES('9787201142821',23,1);
INSERT INTO order_book VALUES('9787201158716',23,2);
INSERT INTO order_book VALUES('9787205065201',23,1);
INSERT INTO order_book VALUES('9787210088004',24,1);
INSERT INTO order_book VALUES('9787213105814',25,1);
INSERT INTO order_book VALUES('9787214127624',25,1);
INSERT INTO order_book VALUES('9787218138640',26,1);
INSERT INTO order_book VALUES('9787308106603',27,1);
INSERT INTO order_book VALUES('9787500699415',28,1);
INSERT INTO order_book VALUES('9787501616268',29,1);
INSERT INTO order_book VALUES('9787506375320',30,1);
INSERT INTO order_book VALUES('9787506375320',31,1);
INSERT INTO order_book VALUES('9787506375320',32,1);
INSERT INTO order_book VALUES('9787506375320',33,1);
INSERT INTO order_book VALUES('9787506375320',34,1);
INSERT INTO order_book VALUES('9787506375320',35,1);
INSERT INTO order_book VALUES('9787506375320',36,1);
INSERT INTO order_book VALUES('9787506375320',37,1);
INSERT INTO order_book VALUES('9787506375320',38,1);
INSERT INTO order_book VALUES('9787506375320',39,1);
INSERT INTO order_book VALUES('9787506375320',40,1);
INSERT INTO order_book VALUES('9787506375320',41,1);
INSERT INTO order_book VALUES('9787506375320',42,1);
INSERT INTO order_book VALUES('9787506375320',43,1);
INSERT INTO order_book VALUES('9787506375320',44,1);
INSERT INTO order_book VALUES('9787506375320',45,1);
INSERT INTO order_book VALUES('9787506375320',46,1);
INSERT INTO order_book VALUES('9787506375320',47,1);
INSERT INTO order_book VALUES('9787506375320',48,1);
INSERT INTO order_book VALUES('9787506375320',49,1);
INSERT INTO order_book VALUES('9787506375320',50,1);
INSERT INTO order_book VALUES('9787506375320',51,1);
INSERT INTO order_book VALUES('9787506375320',52,1);
INSERT INTO order_book VALUES('9787506375320',53,1);
INSERT INTO order_book VALUES('9787506375320',54,1);
INSERT INTO order_book VALUES('9787506375320',55,1);
INSERT INTO order_book VALUES('9787506375320',56,1);
INSERT INTO order_book VALUES('9787506375320',57,1);
INSERT INTO order_book VALUES('9787506375320',58,1);
INSERT INTO order_book VALUES('9787506375320',59,1);
INSERT INTO order_book VALUES('9787506375320',60,1);
INSERT INTO order_book VALUES('9787506375320',61,1);
INSERT INTO order_book VALUES('9787506375320',62,1);
INSERT INTO order_book VALUES('9787506375320',63,1);
INSERT INTO order_book VALUES('9787506375320',64,1);
INSERT INTO order_book VALUES('9787506375320',65,1);
INSERT INTO order_book VALUES('9787506375320',66,1);
INSERT INTO order_book VALUES('9787506375320',67,1);
INSERT INTO order_book VALUES('9787506375320',68,1);
INSERT INTO order_book VALUES('9787506375320',69,1);
INSERT INTO order_book VALUES('9787506375320',70,1);
INSERT INTO order_book VALUES('9787506375320',71,1);
INSERT INTO order_book VALUES('9787506375320',72,1);
INSERT INTO order_book VALUES('9787506375320',73,1);
INSERT INTO order_book VALUES('9787506375320',74,1);
INSERT INTO order_book VALUES('9787506375320',75,1);
INSERT INTO order_book VALUES('9787506375320',76,1);
INSERT INTO order_book VALUES('9787506375320',77,1);
INSERT INTO order_book VALUES('9787506375320',78,1);
INSERT INTO order_book VALUES('9787506375320',79,1);
INSERT INTO order_book VALUES('9787506375320',80,1);
INSERT INTO order_book VALUES('9787506375320',81,1);
INSERT INTO order_book VALUES('9787506375320',82,1);
INSERT INTO order_book VALUES('9787506375320',83,1);
INSERT INTO order_book VALUES('9787506375320',84,1);
INSERT INTO order_book VALUES('9787506375320',85,1);
INSERT INTO order_book VALUES('9787506375320',86,1);
INSERT INTO order_book VALUES('9787506375320',87,1);
INSERT INTO order_book VALUES('9787506375320',88,1);
INSERT INTO order_book VALUES('9787506375320',89,1);
INSERT INTO order_book VALUES('9787506375320',90,1);
INSERT INTO order_book VALUES('9787506375320',91,1);
INSERT INTO order_book VALUES('9787506375320',92,1);
INSERT INTO order_book VALUES('9787506375320',93,1);
INSERT INTO order_book VALUES('9787506375320',94,1);
INSERT INTO order_book VALUES('9787506375320',95,1);
INSERT INTO order_book VALUES('9787506375320',96,1);
INSERT INTO order_book VALUES('9787506375320',97,1);
INSERT INTO order_book VALUES('9787506375320',98,1);
INSERT INTO order_book VALUES('9787506375320',99,1);
INSERT INTO order_book VALUES('9787506375320',100,1);
INSERT INTO order_book VALUES('9787506375320',101,1);
INSERT INTO order_book VALUES('9787506375320',102,1);
INSERT INTO order_book VALUES('9787506375320',103,1);
INSERT INTO order_book VALUES('9787506375320',104,1);
INSERT INTO order_book VALUES('9787506375320',105,1);

-- order
INSERT INTO orders(update_time,receipt_place,customer_id,price_sum) VALUES(STR_TO_DATE('2022-02-15 08:00:00','%Y-%m-%d %h:%i:%s'),'湖北省武汉市武昌区八一路87号','Ashlynnnnnnn',81);
INSERT INTO orders(update_time,receipt_place,customer_id,price_sum) VALUES(STR_TO_DATE('2022-02-15 08:00:00','%Y-%m-%d %h:%i:%s'),'湖北省武汉市武昌区八一路87号','Ashlynnnnnnn',23);
INSERT INTO orders(update_time,receipt_place,customer_id,price_sum) VALUES(STR_TO_DATE('2022-02-15 08:00:07','%Y-%m-%d %h:%i:%s'),'湖北省武汉市八一路2号','szzh05104',1056);
INSERT INTO orders(update_time,receipt_place,customer_id,price_sum) VALUES(STR_TO_DATE('2022-02-15 08:00:07','%Y-%m-%d %h:%i:%s'),'湖北省武汉市八一路2号','szzh05104',27);
INSERT INTO orders(update_time,receipt_place,customer_id,price_sum) VALUES(STR_TO_DATE('2022-02-15 08:01:07','%Y-%m-%d %h:%i:%s'),'北京市北京航空航天大学','qUpQSxV8FQ',49);
INSERT INTO orders(update_time,receipt_place,customer_id,price_sum) VALUES(STR_TO_DATE('2022-02-15 08:01:07','%Y-%m-%d %h:%i:%s'),'北京市成府路69号','l830UnWQfy',31);
INSERT INTO orders(update_time,receipt_place,customer_id,price_sum) VALUES(STR_TO_DATE('2022-02-15 08:02:00','%Y-%m-%d %h:%i:%s'),'北京市成府路69号','KgqSaekhIA',33);
INSERT INTO orders(update_time,receipt_place,customer_id,price_sum) VALUES(STR_TO_DATE('2022-02-15 08:02:20','%Y-%m-%d %h:%i:%s'),'北京市学院路29号中国地质大学内','X4fMEfIyHo',31);
INSERT INTO orders(update_time,receipt_place,customer_id,price_sum) VALUES(STR_TO_DATE('2022-02-15 08:02:30','%Y-%m-%d %h:%i:%s'),'北京市北四环西路68号','celraa4UMEeE0b',31);
INSERT INTO orders(update_time,receipt_place,customer_id,price_sum) VALUES(STR_TO_DATE('2022-02-15 08:02:37','%Y-%m-%d %h:%i:%s'),'北京市颐和园路5号北京大学45甲楼','ThLG49xT',26);
INSERT INTO orders(update_time,receipt_place,customer_id,price_sum) VALUES(STR_TO_DATE('2022-02-15 08:02:40','%Y-%m-%d %h:%i:%s'),'北京市中关村创业大街2号','LF7BlXcaut',25);
INSERT INTO orders(update_time,receipt_place,customer_id,price_sum) VALUES(STR_TO_DATE('2022-02-15 08:05:40','%Y-%m-%d %h:%i:%s'),'北京市海淀大街31号海淀图书城籍海楼314室(近苏州街)','sanfenmeihao',39);
INSERT INTO orders(update_time,receipt_place,customer_id,price_sum) VALUES(STR_TO_DATE('2022-02-15 08:05:50','%Y-%m-%d %h:%i:%s'),'北京市海淀大街31号籍海楼2层206','qqqqqqqq',20);
INSERT INTO orders(update_time,receipt_place,customer_id,price_sum) VALUES(STR_TO_DATE('2022-02-15 08:05:50','%Y-%m-%d %h:%i:%s'),'北京市西直门外大街1号院凯德MALL·西直门3层','lilixiyv',30);
INSERT INTO orders(update_time,receipt_place,customer_id,price_sum) VALUES(STR_TO_DATE('2022-02-15 08:07:50','%Y-%m-%d %h:%i:%s'),'北京市甘家口南小院1号','starclusterrr',88);
INSERT INTO orders(update_time,receipt_place,customer_id,price_sum) VALUES(STR_TO_DATE('2022-02-15 09:07:50','%Y-%m-%d %h:%i:%s'),'上海市福州路465号','xiaqijian',57);
INSERT INTO orders(update_time,receipt_place,customer_id,price_sum) VALUES(STR_TO_DATE('2022-02-16 09:07:50','%Y-%m-%d %h:%i:%s'),'上海市淮海中路624号','echoecho',13);
INSERT INTO orders(update_time,receipt_place,customer_id,price_sum) VALUES(STR_TO_DATE('2022-02-17 09:07:50','%Y-%m-%d %h:%i:%s'),'上海市地铁1号线上海体育场站内','ciLIPugVMPnJU',17);
INSERT INTO orders(update_time,receipt_place,customer_id,price_sum) VALUES(STR_TO_DATE('2022-02-18 09:07:50','%Y-%m-%d %h:%i:%s'),'上海市东方路710号汤臣金融大厦地下1层','R5QA7XqSTPE',17);
INSERT INTO orders(update_time,receipt_place,customer_id,price_sum) VALUES(STR_TO_DATE('2022-02-19 09:07:50','%Y-%m-%d %h:%i:%s'),'上海市南京东路830号第一百货6楼(近西藏中路)','NIuCIem3',41);
INSERT INTO orders(update_time,receipt_place,customer_id,price_sum) VALUES(STR_TO_DATE('2022-02-20 09:07:50','%Y-%m-%d %h:%i:%s'),'上海市西藏北路198号大悦城二期6层602-612号','ephlzWTAv5AYYUzB',24);
INSERT INTO orders(update_time,receipt_place,customer_id,price_sum) VALUES(STR_TO_DATE('2022-02-20 09:10:50','%Y-%m-%d %h:%i:%s'),'上海市福州路531弄2-5号','FkVcZVND23aprv7w',21);
INSERT INTO orders(update_time,receipt_place,customer_id,price_sum) VALUES(STR_TO_DATE('2022-02-20 09:20:50','%Y-%m-%d %h:%i:%s'),'上海市马当路245号新天地时尚购物广场B112号','rLXkruUip5t2',80);
INSERT INTO orders(update_time,receipt_place,customer_id,price_sum) VALUES(STR_TO_DATE('2022-02-20 09:20:50','%Y-%m-%d %h:%i:%s'),'上海市马当路245号新天地时尚购物广场B112号','rLXkruUip5t2',25);
INSERT INTO orders(update_time,receipt_place,customer_id,price_sum) VALUES(STR_TO_DATE('2022-02-21 09:20:50','%Y-%m-%d %h:%i:%s'),'上海市邯郸路600号城中城地下1层B1-2A/B1-2B','qhBVj0bXwXB',39);
INSERT INTO orders(update_time,receipt_place,customer_id,price_sum) VALUES(STR_TO_DATE('2022-02-21 09:20:50','%Y-%m-%d %h:%i:%s'),'上海市邯郸路600号城中城地下1层B1-2A/B1-2B','qhBVj0bXwXB',25);
INSERT INTO orders(update_time,receipt_place,customer_id,price_sum) VALUES(STR_TO_DATE('2022-02-21 09:20:50','%Y-%m-%d %h:%i:%s'),'上海市邯郸路600号城中城地下1层B1-2A/B1-2B','qhBVj0bXwXB',39);
INSERT INTO orders(update_time,receipt_place,customer_id,price_sum) VALUES(STR_TO_DATE('2022-03-21 09:20:50','%Y-%m-%d %h:%i:%s'),'上海市巨鹿路828号','zYZk9BzLAf',22);
INSERT INTO orders(update_time,receipt_place,customer_id,price_sum) VALUES(STR_TO_DATE('2022-04-21 09:20:50','%Y-%m-%d %h:%i:%s'),'上海市乌鲁木齐南路178号','9nD3C00xtRxWQvt',20);
INSERT INTO orders(update_time,receipt_place,customer_id,price_sum) VALUES(STR_TO_DATE('2022-05-21 09:20:50','%Y-%m-%d %h:%i:%s'),'上海市安福路300号','yrCcExoYvH3njH6',9);
INSERT INTO orders(update_time,receipt_place,customer_id,price_sum) VALUES(STR_TO_DATE('2022-06-21 09:20:50','%Y-%m-%d %h:%i:%s'),'湖北省武汉市芦沟桥路68号','ug1s9myjdIYS',54);
INSERT INTO orders(update_time,receipt_place,customer_id,price_sum) VALUES(STR_TO_DATE('2022-06-21 09:20:50','%Y-%m-%d %h:%i:%s'),'湖北省武汉市芦沟桥路68号','e53x1gaFalkAKWz',54);
INSERT INTO orders(update_time,receipt_place,customer_id,price_sum) VALUES(STR_TO_DATE('2022-06-21 09:20:50','%Y-%m-%d %h:%i:%s'),'湖北省武汉市芦沟桥路68号','K9zJGMZ3MUYoW',54);
INSERT INTO orders(update_time,receipt_place,customer_id,price_sum) VALUES(STR_TO_DATE('2022-06-21 09:20:50','%Y-%m-%d %h:%i:%s'),'湖北省武汉市芦沟桥路68号','PmGHSvqq0ID96',54);
INSERT INTO orders(update_time,receipt_place,customer_id,price_sum) VALUES(STR_TO_DATE('2022-06-21 09:20:50','%Y-%m-%d %h:%i:%s'),'湖北省武汉市芦沟桥路68号','XQhDfk6WfG',54);
INSERT INTO orders(update_time,receipt_place,customer_id,price_sum) VALUES(STR_TO_DATE('2022-06-21 09:20:50','%Y-%m-%d %h:%i:%s'),'湖北省武汉市芦沟桥路68号','aWVyrMFYf9',54);
INSERT INTO orders(update_time,receipt_place,customer_id,price_sum) VALUES(STR_TO_DATE('2022-06-21 09:20:50','%Y-%m-%d %h:%i:%s'),'湖北省武汉市芦沟桥路68号','k9ruk2BdEI',54);
INSERT INTO orders(update_time,receipt_place,customer_id,price_sum) VALUES(STR_TO_DATE('2022-06-21 09:20:50','%Y-%m-%d %h:%i:%s'),'湖北省武汉市芦沟桥路68号','yITecB4FeSfjOj0J',54);
INSERT INTO orders(update_time,receipt_place,customer_id,price_sum) VALUES(STR_TO_DATE('2022-06-21 09:20:50','%Y-%m-%d %h:%i:%s'),'湖北省武汉市芦沟桥路68号','k5ouXz5N6fdoq',54);
INSERT INTO orders(update_time,receipt_place,customer_id,price_sum) VALUES(STR_TO_DATE('2022-06-21 09:20:50','%Y-%m-%d %h:%i:%s'),'湖北省武汉市芦沟桥路68号','dehEGY59U',54);
INSERT INTO orders(update_time,receipt_place,customer_id,price_sum) VALUES(STR_TO_DATE('2022-06-21 09:20:50','%Y-%m-%d %h:%i:%s'),'湖北省武汉市芦沟桥路68号','2xtbvZjyu',54);
INSERT INTO orders(update_time,receipt_place,customer_id,price_sum) VALUES(STR_TO_DATE('2022-06-21 09:20:50','%Y-%m-%d %h:%i:%s'),'湖北省武汉市芦沟桥路68号','u2lE997pdPDqYX6',54);
INSERT INTO orders(update_time,receipt_place,customer_id,price_sum) VALUES(STR_TO_DATE('2022-06-21 09:20:50','%Y-%m-%d %h:%i:%s'),'湖北省武汉市芦沟桥路68号','zTtXMU0A2zAbGJ',54);
INSERT INTO orders(update_time,receipt_place,customer_id,price_sum) VALUES(STR_TO_DATE('2022-06-21 09:20:50','%Y-%m-%d %h:%i:%s'),'湖北省武汉市芦沟桥路68号','O3Pias9eLV',54);
INSERT INTO orders(update_time,receipt_place,customer_id,price_sum) VALUES(STR_TO_DATE('2022-06-21 09:20:50','%Y-%m-%d %h:%i:%s'),'湖北省武汉市芦沟桥路68号','dikAaOQxougOa25i',54);
INSERT INTO orders(update_time,receipt_place,customer_id,price_sum) VALUES(STR_TO_DATE('2022-06-21 09:20:50','%Y-%m-%d %h:%i:%s'),'湖北省武汉市芦沟桥路68号','lhVgv40fe1',54);
INSERT INTO orders(update_time,receipt_place,customer_id,price_sum) VALUES(STR_TO_DATE('2022-06-21 09:20:50','%Y-%m-%d %h:%i:%s'),'湖北省武汉市芦沟桥路68号','dozWfYgVw5',54);
INSERT INTO orders(update_time,receipt_place,customer_id,price_sum) VALUES(STR_TO_DATE('2022-06-21 09:20:50','%Y-%m-%d %h:%i:%s'),'湖北省武汉市芦沟桥路68号','G8yQuI9mAh2v',54);
INSERT INTO orders(update_time,receipt_place,customer_id,price_sum) VALUES(STR_TO_DATE('2022-06-21 09:20:50','%Y-%m-%d %h:%i:%s'),'湖北省武汉市芦沟桥路68号','lvqUjGgHq',54);
INSERT INTO orders(update_time,receipt_place,customer_id,price_sum) VALUES(STR_TO_DATE('2022-06-21 09:20:50','%Y-%m-%d %h:%i:%s'),'湖北省武汉市芦沟桥路68号','EBQ6a0VtbQ5m5',54);
INSERT INTO orders(update_time,receipt_place,customer_id,price_sum) VALUES(STR_TO_DATE('2022-06-21 09:20:50','%Y-%m-%d %h:%i:%s'),'湖北省武汉市芦沟桥路68号','4OCqTT0BwUvrN',54);
INSERT INTO orders(update_time,receipt_place,customer_id,price_sum) VALUES(STR_TO_DATE('2022-06-21 09:20:50','%Y-%m-%d %h:%i:%s'),'湖北省武汉市芦沟桥路68号','9yH4ov1Nqcl',54);
INSERT INTO orders(update_time,receipt_place,customer_id,price_sum) VALUES(STR_TO_DATE('2022-06-21 09:20:50','%Y-%m-%d %h:%i:%s'),'湖北省武汉市芦沟桥路68号','ggZ6DYOIeY14zI',54);
INSERT INTO orders(update_time,receipt_place,customer_id,price_sum) VALUES(STR_TO_DATE('2022-06-21 09:20:50','%Y-%m-%d %h:%i:%s'),'湖北省武汉市芦沟桥路68号','1QLUhMDlQw896RdH',54);
INSERT INTO orders(update_time,receipt_place,customer_id,price_sum) VALUES(STR_TO_DATE('2022-06-21 09:20:50','%Y-%m-%d %h:%i:%s'),'湖北省武汉市芦沟桥路68号','QAqFKipRpIg0v',54);
INSERT INTO orders(update_time,receipt_place,customer_id,price_sum) VALUES(STR_TO_DATE('2022-06-21 09:20:50','%Y-%m-%d %h:%i:%s'),'湖北省武汉市芦沟桥路68号','pQxnc0MfBwcr',54);
INSERT INTO orders(update_time,receipt_place,customer_id,price_sum) VALUES(STR_TO_DATE('2022-06-21 09:20:50','%Y-%m-%d %h:%i:%s'),'湖北省武汉市芦沟桥路68号','6CkFFdS9UoqHzNO',54);
INSERT INTO orders(update_time,receipt_place,customer_id,price_sum) VALUES(STR_TO_DATE('2022-06-21 09:20:50','%Y-%m-%d %h:%i:%s'),'湖北省武汉市芦沟桥路68号','X8DeE0JGMajwg',54);
INSERT INTO orders(update_time,receipt_place,customer_id,price_sum) VALUES(STR_TO_DATE('2022-06-21 09:20:50','%Y-%m-%d %h:%i:%s'),'湖北省武汉市芦沟桥路68号','yw6ywHfg',54);
INSERT INTO orders(update_time,receipt_place,customer_id,price_sum) VALUES(STR_TO_DATE('2022-06-21 09:20:50','%Y-%m-%d %h:%i:%s'),'湖北省武汉市芦沟桥路68号','5OVp8xx5xNOOIM11',54);
INSERT INTO orders(update_time,receipt_place,customer_id,price_sum) VALUES(STR_TO_DATE('2022-06-21 09:20:50','%Y-%m-%d %h:%i:%s'),'湖北省武汉市芦沟桥路68号','svu73cUi',54);
INSERT INTO orders(update_time,receipt_place,customer_id,price_sum) VALUES(STR_TO_DATE('2022-06-21 09:20:50','%Y-%m-%d %h:%i:%s'),'湖北省武汉市芦沟桥路68号','xyWyeqLgPBfF6ar',54);
INSERT INTO orders(update_time,receipt_place,customer_id,price_sum) VALUES(STR_TO_DATE('2022-06-21 09:20:50','%Y-%m-%d %h:%i:%s'),'湖北省武汉市芦沟桥路68号','IUbWkjwiYZk85zRG',54);
INSERT INTO orders(update_time,receipt_place,customer_id,price_sum) VALUES(STR_TO_DATE('2022-06-21 09:20:50','%Y-%m-%d %h:%i:%s'),'湖北省武汉市芦沟桥路68号','ubwxfU5KrZVaou',54);
INSERT INTO orders(update_time,receipt_place,customer_id,price_sum) VALUES(STR_TO_DATE('2022-06-21 09:20:50','%Y-%m-%d %h:%i:%s'),'湖北省武汉市芦沟桥路68号','3UYs32MYPd',54);
INSERT INTO orders(update_time,receipt_place,customer_id,price_sum) VALUES(STR_TO_DATE('2022-06-21 09:20:50','%Y-%m-%d %h:%i:%s'),'湖北省武汉市芦沟桥路68号','eXpvKj5O2HCMYwh',54);
INSERT INTO orders(update_time,receipt_place,customer_id,price_sum) VALUES(STR_TO_DATE('2022-06-21 09:20:50','%Y-%m-%d %h:%i:%s'),'湖北省武汉市芦沟桥路68号','SajzPrbR',54);
INSERT INTO orders(update_time,receipt_place,customer_id,price_sum) VALUES(STR_TO_DATE('2022-06-21 09:20:50','%Y-%m-%d %h:%i:%s'),'湖北省武汉市芦沟桥路68号','JEEVPTMxDCNpZ',54);
INSERT INTO orders(update_time,receipt_place,customer_id,price_sum) VALUES(STR_TO_DATE('2022-06-21 09:20:50','%Y-%m-%d %h:%i:%s'),'湖北省武汉市芦沟桥路68号','hc7stPGLwmE',54);
INSERT INTO orders(update_time,receipt_place,customer_id,price_sum) VALUES(STR_TO_DATE('2022-06-21 09:20:50','%Y-%m-%d %h:%i:%s'),'湖北省武汉市芦沟桥路68号','pVuB2zdJKCbu',54);
INSERT INTO orders(update_time,receipt_place,customer_id,price_sum) VALUES(STR_TO_DATE('2022-06-21 09:20:50','%Y-%m-%d %h:%i:%s'),'湖北省武汉市芦沟桥路68号','QHjVP73m',54);
INSERT INTO orders(update_time,receipt_place,customer_id,price_sum) VALUES(STR_TO_DATE('2022-06-21 09:20:50','%Y-%m-%d %h:%i:%s'),'湖北省武汉市芦沟桥路68号','uq7elr9lQBgqYOjr',54);
INSERT INTO orders(update_time,receipt_place,customer_id,price_sum) VALUES(STR_TO_DATE('2022-06-21 09:20:50','%Y-%m-%d %h:%i:%s'),'湖北省武汉市芦沟桥路68号','yGa6NCJNLzDBO7OL',54);
INSERT INTO orders(update_time,receipt_place,customer_id,price_sum) VALUES(STR_TO_DATE('2022-06-21 09:20:50','%Y-%m-%d %h:%i:%s'),'湖北省武汉市芦沟桥路68号','qY66x5fRDTmnREf',54);
INSERT INTO orders(update_time,receipt_place,customer_id,price_sum) VALUES(STR_TO_DATE('2022-06-21 09:20:50','%Y-%m-%d %h:%i:%s'),'湖北省武汉市芦沟桥路68号','pcRpYKPnqDjN8',54);
INSERT INTO orders(update_time,receipt_place,customer_id,price_sum) VALUES(STR_TO_DATE('2022-06-21 09:20:50','%Y-%m-%d %h:%i:%s'),'湖北省武汉市芦沟桥路68号','fzSvYduEpD5B9EM',54);
INSERT INTO orders(update_time,receipt_place,customer_id,price_sum) VALUES(STR_TO_DATE('2022-06-21 09:20:50','%Y-%m-%d %h:%i:%s'),'湖北省武汉市芦沟桥路68号','1JZrE4ho',54);
INSERT INTO orders(update_time,receipt_place,customer_id,price_sum) VALUES(STR_TO_DATE('2022-06-21 09:20:50','%Y-%m-%d %h:%i:%s'),'湖北省武汉市芦沟桥路68号','dqBa3qOZEkm',54);
INSERT INTO orders(update_time,receipt_place,customer_id,price_sum) VALUES(STR_TO_DATE('2022-06-21 09:20:50','%Y-%m-%d %h:%i:%s'),'湖北省武汉市芦沟桥路68号','2xG5seHAA10k5',54);
INSERT INTO orders(update_time,receipt_place,customer_id,price_sum) VALUES(STR_TO_DATE('2022-06-21 09:20:50','%Y-%m-%d %h:%i:%s'),'湖北省武汉市芦沟桥路68号','f4i1AUzsr',54);
INSERT INTO orders(update_time,receipt_place,customer_id,price_sum) VALUES(STR_TO_DATE('2022-06-21 09:20:50','%Y-%m-%d %h:%i:%s'),'湖北省武汉市芦沟桥路68号','k9uybCPKNZA',54);
INSERT INTO orders(update_time,receipt_place,customer_id,price_sum) VALUES(STR_TO_DATE('2022-06-21 09:20:50','%Y-%m-%d %h:%i:%s'),'湖北省武汉市芦沟桥路68号','LzheKmC0xAkfX',54);
INSERT INTO orders(update_time,receipt_place,customer_id,price_sum) VALUES(STR_TO_DATE('2022-06-21 09:20:50','%Y-%m-%d %h:%i:%s'),'湖北省武汉市芦沟桥路68号','ASwyj49HEV7t6',54);
INSERT INTO orders(update_time,receipt_place,customer_id,price_sum) VALUES(STR_TO_DATE('2022-06-21 09:20:50','%Y-%m-%d %h:%i:%s'),'湖北省武汉市芦沟桥路68号','yOM0jNnYLmuGHRc',54);
INSERT INTO orders(update_time,receipt_place,customer_id,price_sum) VALUES(STR_TO_DATE('2022-06-21 09:20:50','%Y-%m-%d %h:%i:%s'),'湖北省武汉市芦沟桥路68号','RGAAOKwC8gLZctv',54);
INSERT INTO orders(update_time,receipt_place,customer_id,price_sum) VALUES(STR_TO_DATE('2022-06-21 09:20:50','%Y-%m-%d %h:%i:%s'),'湖北省武汉市芦沟桥路68号','sUpWCKxVdndVn',54);
INSERT INTO orders(update_time,receipt_place,customer_id,price_sum) VALUES(STR_TO_DATE('2022-06-21 09:20:50','%Y-%m-%d %h:%i:%s'),'湖北省武汉市芦沟桥路68号','7DIkyf8o',54);
INSERT INTO orders(update_time,receipt_place,customer_id,price_sum) VALUES(STR_TO_DATE('2022-06-21 09:20:50','%Y-%m-%d %h:%i:%s'),'湖北省武汉市芦沟桥路68号','VCOc47fY',54);
INSERT INTO orders(update_time,receipt_place,customer_id,price_sum) VALUES(STR_TO_DATE('2022-06-21 09:20:50','%Y-%m-%d %h:%i:%s'),'湖北省武汉市芦沟桥路68号','95mzDpiO',54);
INSERT INTO orders(update_time,receipt_place,customer_id,price_sum) VALUES(STR_TO_DATE('2022-06-21 09:20:50','%Y-%m-%d %h:%i:%s'),'湖北省武汉市芦沟桥路68号','l9R75xefqQK7EW',54);
INSERT INTO orders(update_time,receipt_place,customer_id,price_sum) VALUES(STR_TO_DATE('2022-06-21 09:20:50','%Y-%m-%d %h:%i:%s'),'湖北省武汉市芦沟桥路68号','5owy6dCymSzcb',54);
INSERT INTO orders(update_time,receipt_place,customer_id,price_sum) VALUES(STR_TO_DATE('2022-06-21 09:20:50','%Y-%m-%d %h:%i:%s'),'湖北省武汉市芦沟桥路68号','GDJCocJxw',54);
INSERT INTO orders(update_time,receipt_place,customer_id,price_sum) VALUES(STR_TO_DATE('2022-06-21 09:20:50','%Y-%m-%d %h:%i:%s'),'湖北省武汉市芦沟桥路68号','p0ERSBbocl4L',54);
INSERT INTO orders(update_time,receipt_place,customer_id,price_sum) VALUES(STR_TO_DATE('2022-06-21 09:20:50','%Y-%m-%d %h:%i:%s'),'湖北省武汉市芦沟桥路68号','D2XTiRJfSy',54);
INSERT INTO orders(update_time,receipt_place,customer_id,price_sum) VALUES(STR_TO_DATE('2022-06-21 09:20:50','%Y-%m-%d %h:%i:%s'),'湖北省武汉市芦沟桥路68号','mgrClSyIa',54);
INSERT INTO orders(update_time,receipt_place,customer_id,price_sum) VALUES(STR_TO_DATE('2022-06-21 09:20:50','%Y-%m-%d %h:%i:%s'),'湖北省武汉市芦沟桥路68号','favve1FbACE5bG',54);
INSERT INTO orders(update_time,receipt_place,customer_id,price_sum) VALUES(STR_TO_DATE('2022-06-21 09:20:50','%Y-%m-%d %h:%i:%s'),'湖北省武汉市芦沟桥路68号','tF2ZJGYUYxQpoAL',54);
INSERT INTO orders(update_time,receipt_place,customer_id,price_sum) VALUES(STR_TO_DATE('2022-06-21 09:20:50','%Y-%m-%d %h:%i:%s'),'湖北省武汉市芦沟桥路68号','rghg7XLTys',54);
INSERT INTO orders(update_time,receipt_place,customer_id,price_sum) VALUES(STR_TO_DATE('2022-06-21 09:20:50','%Y-%m-%d %h:%i:%s'),'湖北省武汉市芦沟桥路68号','UXa8EzQ4',54);
INSERT INTO orders(update_time,receipt_place,customer_id,price_sum) VALUES(STR_TO_DATE('2022-06-21 09:20:50','%Y-%m-%d %h:%i:%s'),'湖北省武汉市芦沟桥路68号','66hM7UjodE2dnJ',54);
INSERT INTO orders(update_time,receipt_place,customer_id,price_sum) VALUES(STR_TO_DATE('2022-06-21 09:20:50','%Y-%m-%d %h:%i:%s'),'湖北省武汉市芦沟桥路68号','gGcDgY3nkf',54);
INSERT INTO orders(update_time,receipt_place,customer_id,price_sum) VALUES(STR_TO_DATE('2022-06-21 09:20:50','%Y-%m-%d %h:%i:%s'),'湖北省武汉市芦沟桥路68号','yttWMhRj',54);
INSERT INTO orders(update_time,receipt_place,customer_id,price_sum) VALUES(STR_TO_DATE('2022-06-21 09:20:50','%Y-%m-%d %h:%i:%s'),'湖北省武汉市芦沟桥路68号','EW4hsGVoNj9i76f',54);
INSERT INTO orders(update_time,receipt_place,customer_id,price_sum) VALUES(STR_TO_DATE('2022-06-21 09:20:50','%Y-%m-%d %h:%i:%s'),'湖北省武汉市芦沟桥路68号','XYvcdEvBG',54);
INSERT INTO orders(update_time,receipt_place,customer_id,price_sum) VALUES(STR_TO_DATE('2022-06-21 09:20:50','%Y-%m-%d %h:%i:%s'),'湖北省武汉市芦沟桥路68号','QXACT8VnZGXe1Obm',54);

-- customer
INSERT INTO customer VALUES('Ashlynnnnnnn','ashlyn','19278c64dcd6c2775940cdeafca8aa7759fb071d11eb08095c82486240d9ed27','ashlynsun@163.com','15377016336',0,81,'normal',2,'湖北省武汉市武昌区八一路87号');
INSERT INTO customer VALUES('szzh05104','szzh','e117347719870553002445d811b800ad34f1a116c6549e0f931d37b2b1cc9613','szzh@gmail.com','13995596192',1,1056,'normal',4,'湖北省武汉市八一路2号');
INSERT INTO customer VALUES('qUpQSxV8FQ','quP','adb92c88c6aa5e5506eb41b30a1584a0e54c9f233aacadd8c00233fd300d0a70',NULL,'15278275283',0,0,'normal',5,'北京市北京航空航天大学');
INSERT INTO customer VALUES('l830UnWQfy','888333','032f0e4909f91655799a48584097a9eae56525eb8e486d1ca4cda35d4564f66c',NULL,'15752124707',0,0,'normal',6,'北京市成府路69号');
INSERT INTO customer VALUES('KgqSaekhIA','KKKKKKK','a566a30067e3976f8444b55db36adfd31a5a6b8fcb661519ba7275c9c35223d3',NULL,'16940199513',0,0,'normal',7,'北京市成府路69号');
INSERT INTO customer VALUES('X4fMEfIyHo','hohohoho','b5f27f0620a53309e5948cfcf64b6aeff310e48bb9b53f041349a0a2864f86b0',NULL,'17651483470',0,0,'normal',8,'北京市学院路29号中国地质大学内');
INSERT INTO customer VALUES('celraa4UMEeE0b','celraa','4ae73a3bd283c32940547602e14f2f18e563a4fe7e2cf037c720bb27e5ebe0e6',NULL,'19001710235',0,0,'normal',9,'北京市北四环西路68号');
INSERT INTO customer VALUES('ThLG49xT','thorn','1d43e60cbe78d1393ce0fd313bab39c4affca18f6ff89bee91c3cfc442a9f280',NULL,'13130765577',0,0,'normal',10,'北京市颐和园路5号北京大学45甲楼');
INSERT INTO customer VALUES('LF7BlXcaut','lfandr','21073025f55c64f5b338e44661b64222fdd354dd08a88a532af696da08bbc81f',NULL,'18518315906',0,0,'normal',11,'北京市中关村创业大街2号');
INSERT INTO customer VALUES('sanfenmeihao','wzw','7decd8349f664fbcad81fbe7f5e6bee37d53c2af70c6603a9111be6ec2146457',NULL,'13780101221',0,0,'normal',12,'北京市海淀大街31号海淀图书城籍');
INSERT INTO customer VALUES('qqqqqqqq','Q','37f73cb6822123979a54bd78ccbbde24fa164a111e48b856fb7abd0841f01b0e',NULL,'17826262893',0,0,'normal',13,'北京市海淀大街31号籍海楼2层206');
INSERT INTO customer VALUES('lilixiyv','lxy','cb35c1e58c0c247393af46f5c867c7428a1eeb9972d35a2dfadad18fbe7344a0',NULL,'16308414964',0,0,'normal',14,'北京市西直门外大街1号院凯德MALL·西直门3层');
INSERT INTO customer VALUES('starclusterrr','starclusterrr','a19d9dc14a5598c9f34b50b0a4bb4f9235cfc82a19d70b660f206ead1c2f11a6',NULL,'18201706629',0,0,'normal',15,'北京市甘家口南小院1号');
INSERT INTO customer VALUES('xiaqijian','下期见','16e547eed806464b640adc137af832edebffab7ceb987e1d6b02b45b9a872e37',NULL,'18065796475',0,0,'normal',16,'上海市福州路465号');
INSERT INTO customer VALUES('echoecho','echo','ded12e52bf1e809c3962b9bcedc78ff0ec2a8494da7d60a8ae2957edc2f7d5e3',NULL,'19388815004',0,0,'normal',17,'上海市淮海中路624号');
INSERT INTO customer VALUES('ciLIPugVMPnJU','alice-cli','6eb76bd55d99a1c1da67b76cc64463959334b753c384fd1d2874f363f65cad42',NULL,'13720333883',0,0,'normal',18,'上海市地铁1号线上海体育场站内');
INSERT INTO customer VALUES('R5QA7XqSTPE','rrround','822edf29372d6dc303c138ce12472c3bf2b9780d22c7675b73e60d53365cc700',NULL,'19884988461',0,0,'normal',19,'上海市东方路710号汤臣金融大厦地下');
INSERT INTO customer VALUES('NIuCIem3','nucllear','2c9bc408c02e6260242e630c39bbc8ba5c4258c353c125e49e7b56606439fead',NULL,'15841686693',0,0,'normal',20,'上海市南京东路830号第一百货6楼(近西藏中路)');
INSERT INTO customer VALUES('ephlzWTAv5AYYUzB','elephant','d46593d44f8ae9ee50fc62a7efefbf8766b1531143acd0045899646f0688a7b2',NULL,'18835284977',0,0,'normal',21,'上海市西藏北路198号大悦城二期6层602-612号');
INSERT INTO customer VALUES('FkVcZVND23aprv7w','fuzzy~','17548f19089c48fa79c24134ac5d13a302f6aa9377b4ccb20d9a990bf313da74',NULL,'13468627899',0,0,'normal',22,'上海市福州路531弄2-5号');
INSERT INTO customer VALUES('rLXkruUip5t2','521521bad','e61894a2f158dc8fd728bb597e124400468b0caa21879c89e594948d7385aa0a',NULL,'15491066125',0,80,'normal',24,'上海市马当路245号新天地时尚购物广场B112号');
INSERT INTO customer VALUES('qhBVj0bXwXB','qqqqqaaa','a1b5d39bff15adf6c64273ec3b6e37c47d93896c95bd08e1d390240d50b49c62',NULL,'13658258195',0,64,'normal',27,'上海市邯郸路600号城中城地下1层B1-2A/B1-2B');
INSERT INTO customer VALUES('zYZk9BzLAf','zzzzYY','0a3b3b213f6642552271765117dab71b924c930196cce99d23d3c20718ca9b1f',NULL,'18308553386',0,0,'normal',28,'上海市巨鹿路828号');
INSERT INTO customer VALUES('9nD3C00xtRxWQvt','9900','60d6518be18e12c7395563a02b1c9ded2436383cb0d8cfec9cc54e11ebd70dfa',NULL,'13499374066',0,0,'normal',29,'上海市乌鲁木齐南路178号');
INSERT INTO customer VALUES('yrCcExoYvH3njH6','yrh6','503cf4a696f6aa6fafde86fa8a788bfe3b68fc237fc12fde2fca57ce33ecc24d',NULL,'13608311943',0,0,'normal',30,'上海市安福路300号');
INSERT INTO customer VALUES('aaashlynnn','ashlynsun','9d4e55366f833ab24766706b0411326d9ccfbda6aa476792e3511a26904b5f9b','ashlynsun0923@gmail.com','13608311943',NULL,NULL,'super',NULL,NULL);
INSERT INTO customer VALUES('ug1s9myjdIYS','ug1s9myjdIYS','1db5c7cd489849d5c4b004d26ed61af6c2786aebf5df3c35ea0f062c363bf1bd',NULL,'17242482643',0,0,'normal',31,'湖北省武汉市芦沟桥路68号');
INSERT INTO customer VALUES('e53x1gaFalkAKWz','e53x1gaFalkAKWz','7779d4ec97b7912e5435ee57eef8bb52533d13039715562c8cda3310c993ea29',NULL,'19784721560',0,0,'normal',32,'湖北省武汉市芦沟桥路68号');
INSERT INTO customer VALUES('K9zJGMZ3MUYoW','K9zJGMZ3MUYoW','894e8b3f5650e6a7e5858bca276b020bd5fadc9aac193d2059316da97f97ffb1',NULL,'19137594680',0,0,'normal',33,'湖北省武汉市芦沟桥路68号');
INSERT INTO customer VALUES('PmGHSvqq0ID96','PmGHSvqq0ID96','920d067cb2c22e40590e2e36882708671b6e6733f5123e1971913d1d59c737d3',NULL,'13382345464',0,0,'normal',34,'湖北省武汉市芦沟桥路68号');
INSERT INTO customer VALUES('XQhDfk6WfG','XQhDfk6WfG','fb4c9ee9ebff214ebb7d3ab4ae37db6732fc59ebd3c93c716594467079242130',NULL,'19345550947',0,0,'normal',35,'湖北省武汉市芦沟桥路68号');
INSERT INTO customer VALUES('aWVyrMFYf9','aWVyrMFYf9','bf382f13ec4c5942cbb3d7b084abc7bfa235bbd058a63c0ca9264c568265683e',NULL,'15514359207',0,0,'normal',36,'湖北省武汉市芦沟桥路68号');
INSERT INTO customer VALUES('k9ruk2BdEI','k9ruk2BdEI','82ffaa740e1d55f858e09b1e0891c41e931f2000c7952484c1104d14b7350213',NULL,'13421065905',0,0,'normal',37,'湖北省武汉市芦沟桥路68号');
INSERT INTO customer VALUES('yITecB4FeSfjOj0J','yITecB4FeSfjOj0J','2b5c534d1db0ebd937c2d52d1e2ec483d2e28f20129228b24c6d9a673eefd254',NULL,'17528194984',0,0,'normal',38,'湖北省武汉市芦沟桥路68号');
INSERT INTO customer VALUES('k5ouXz5N6fdoq','k5ouXz5N6fdoq','9de4617b09b7c05996e34806485bef44a9da67c343c51eeaacdacc55bc613694',NULL,'15687184300',0,0,'normal',39,'湖北省武汉市芦沟桥路68号');
INSERT INTO customer VALUES('dehEGY59U','dehEGY59U','852c568edaca6deafe046ff2e982b0dbf6c7239d1a4c0af13d59939f2d2ba260',NULL,'16993800462',0,0,'normal',40,'湖北省武汉市芦沟桥路68号');
INSERT INTO customer VALUES('2xtbvZjyu','2xtbvZjyu','06b80ef7745c1f217d6531f5ad9840afff6180f80b3521d8383434e7119cf11d',NULL,'15386043658',0,0,'normal',41,'湖北省武汉市芦沟桥路68号');
INSERT INTO customer VALUES('u2lE997pdPDqYX6','u2lE997pdPDqYX6','107b515976b22e68e6a9f1ecc64f3a1279d99007a140aa6aa151e97750c5c836',NULL,'15881309717',0,0,'normal',42,'湖北省武汉市芦沟桥路68号');
INSERT INTO customer VALUES('zTtXMU0A2zAbGJ','zTtXMU0A2zAbGJ','ee24250637aabdc07daf7f164f32b70819f100d760e344dea7e4aab81096844b',NULL,'16272310710',0,0,'normal',43,'湖北省武汉市芦沟桥路68号');
INSERT INTO customer VALUES('O3Pias9eLV','O3Pias9eLV','8adb633beb74f660ef810c047a9c9f30110d7dc0fe88b2018eb8568f5f2f50a1',NULL,'18592443056',0,0,'normal',44,'湖北省武汉市芦沟桥路68号');
INSERT INTO customer VALUES('dikAaOQxougOa25i','dikAaOQxougOa25i','24490d6329edd7115209af8f95aaafab5c024a8b3e838b54a6bd4ef837ae8059',NULL,'16374689522',0,0,'normal',45,'湖北省武汉市芦沟桥路68号');
INSERT INTO customer VALUES('lhVgv40fe1','lhVgv40fe1','3e891e84a52affbb7b5508e22ae33c14f4d69419dd2254afefdcf6705b1c0995',NULL,'18835595705',0,0,'normal',46,'湖北省武汉市芦沟桥路68号');
INSERT INTO customer VALUES('dozWfYgVw5','dozWfYgVw5','8f9c421c34c638d71e09520185253c4020045836d1f6af1e3dc4d23a58164f86',NULL,'13081987648',0,0,'normal',47,'湖北省武汉市芦沟桥路68号');
INSERT INTO customer VALUES('G8yQuI9mAh2v','G8yQuI9mAh2v','aaef192f81b00a095ccf1da2b8cd3d19387652fafab3c5d0c1dafdef164e04f7',NULL,'19560061573',0,0,'normal',48,'湖北省武汉市芦沟桥路68号');
INSERT INTO customer VALUES('lvqUjGgHq','lvqUjGgHq','734f00176cbfdf4325f73bda5bde474b0257443ec88d7c67d27909a3de2adcd1',NULL,'16357248096',0,0,'normal',49,'湖北省武汉市芦沟桥路68号');
INSERT INTO customer VALUES('EBQ6a0VtbQ5m5','EBQ6a0VtbQ5m5','8ad987d3b28ab4014a778d7be99e84d833ea72c08d0b5ff85a2acbdac8994f35',NULL,'18106236121',0,0,'normal',50,'湖北省武汉市芦沟桥路68号');
INSERT INTO customer VALUES('4OCqTT0BwUvrN','4OCqTT0BwUvrN','605e4a722585db3dbf833140854f4d46b7c17738457123b67fc2be95c13b9795',NULL,'18661682553',0,0,'normal',51,'湖北省武汉市芦沟桥路68号');
INSERT INTO customer VALUES('9yH4ov1Nqcl','9yH4ov1Nqcl','c03272877595d47270cce55ed4d92e5c6de88290465e64cb363a1fc2e4a5f311',NULL,'18463137921',0,0,'normal',52,'湖北省武汉市芦沟桥路68号');
INSERT INTO customer VALUES('ggZ6DYOIeY14zI','ggZ6DYOIeY14zI','4e5b10601dbfcb720275d384fbd188f2c0268c61401a6229cdfd8c67840d56aa',NULL,'19626581187',0,0,'normal',53,'湖北省武汉市芦沟桥路68号');
INSERT INTO customer VALUES('1QLUhMDlQw896RdH','1QLUhMDlQw896RdH','293082c499a112d4d6d8b09a69d67d0c4319a614f0b0506046f53fd252947930',NULL,'13752273898',0,0,'normal',54,'湖北省武汉市芦沟桥路68号');
INSERT INTO customer VALUES('QAqFKipRpIg0v','QAqFKipRpIg0v','8320548cc3d26ce9e32b3511c64547a72ac02c11f195c59964d0bbac6c558524',NULL,'15904413674',0,0,'normal',55,'湖北省武汉市芦沟桥路68号');
INSERT INTO customer VALUES('pQxnc0MfBwcr','pQxnc0MfBwcr','afc886c03d9cc93477acf9a2e7e71350f3ff9ebca76d2fad45c2e3dab29cbcc7',NULL,'17850328137',0,0,'normal',56,'湖北省武汉市芦沟桥路68号');
INSERT INTO customer VALUES('6CkFFdS9UoqHzNO','6CkFFdS9UoqHzNO','b5dae81f6ba7c7b9daca14bb0e428e3be29a2b7b37f9d3cabcc11e54c6e7c2c8',NULL,'13382103655',0,0,'normal',57,'湖北省武汉市芦沟桥路68号');
INSERT INTO customer VALUES('X8DeE0JGMajwg','X8DeE0JGMajwg','5385617f6e50086bf17b3b9acb891beeb3904f6969556d84cbb428c57834b557',NULL,'19616922058',0,0,'normal',58,'湖北省武汉市芦沟桥路68号');
INSERT INTO customer VALUES('yw6ywHfg','yw6ywHfg','d0e92c96133a880f6b9eb251b9746e3d6f303ccf671b9a2fc1d3ffb8e085ba15',NULL,'13054098293',0,0,'normal',59,'湖北省武汉市芦沟桥路68号');
INSERT INTO customer VALUES('5OVp8xx5xNOOIM11','5OVp8xx5xNOOIM11','c0c0acd98a72e5bd39fc90a6f54ebe541f25cd506054c22fbeaaad18c5e62bfe',NULL,'18913509266',0,0,'normal',60,'湖北省武汉市芦沟桥路68号');
INSERT INTO customer VALUES('svu73cUi','svu73cUi','69e13f52ddac21d2da0554d29371714c693311b7a269497b64294ed6e5243e0a',NULL,'17770149999',0,0,'normal',61,'湖北省武汉市芦沟桥路68号');
INSERT INTO customer VALUES('xyWyeqLgPBfF6ar','xyWyeqLgPBfF6ar','585f35ba747d5a4a222283f265a2ae19fbc8ccea5b2beafe6a726c0143ee7894',NULL,'13891097044',0,0,'normal',62,'湖北省武汉市芦沟桥路68号');
INSERT INTO customer VALUES('IUbWkjwiYZk85zRG','IUbWkjwiYZk85zRG','7d0fe187aa80054bba6a47af6f543303004d4435763f6a80a838dfd1b149fd9c',NULL,'13148610500',0,0,'normal',63,'湖北省武汉市芦沟桥路68号');
INSERT INTO customer VALUES('ubwxfU5KrZVaou','ubwxfU5KrZVaou','20dba5444d273d007fca0f87d8fc25d0d5770b2b2e3820c5356bf26ebed715fb',NULL,'17282800514',0,0,'normal',64,'湖北省武汉市芦沟桥路68号');
INSERT INTO customer VALUES('3UYs32MYPd','3UYs32MYPd','57815ba2ada06266cb12b71ca2ae8edc1ad56876ee4806cee61487567130db17',NULL,'17698608653',0,0,'normal',65,'湖北省武汉市芦沟桥路68号');
INSERT INTO customer VALUES('eXpvKj5O2HCMYwh','eXpvKj5O2HCMYwh','b9ce1a699da02b67d6f75051e187c7283309e4a8044732740e8ffb85570fb850',NULL,'19681062072',0,0,'normal',66,'湖北省武汉市芦沟桥路68号');
INSERT INTO customer VALUES('SajzPrbR','SajzPrbR','37d912fe2c26fc86f39d02592c6c55a40a87c8e773038b05efb279334a803c9a',NULL,'19103009910',0,0,'normal',67,'湖北省武汉市芦沟桥路68号');
INSERT INTO customer VALUES('JEEVPTMxDCNpZ','JEEVPTMxDCNpZ','ef5fd87483c2120ff6be8983b8ced0dd65030388e2042208ebd2352455f2dc47',NULL,'17093840503',0,0,'normal',68,'湖北省武汉市芦沟桥路68号');
INSERT INTO customer VALUES('hc7stPGLwmE','hc7stPGLwmE','f50ec5a0950fcc3c381b687fe12f26504ae2f0c5c6bda2b6fa88801c80d1bccb',NULL,'19781356064',0,0,'normal',69,'湖北省武汉市芦沟桥路68号');
INSERT INTO customer VALUES('pVuB2zdJKCbu','Chuu','b12b9c974e10de464ace1b08d0167d65e7df1fb99c131543882ee870585086ad',NULL,'18441962466',0,0,'normal',70,'湖北省武汉市芦沟桥路68号');
INSERT INTO customer VALUES('QHjVP73m','QHjVP73m','65f755b1fa2dd56c4cac3211bea939900b3e007e3117f2ef6b36ceb9191a139a',NULL,'13744087835',0,0,'normal',71,'湖北省武汉市芦沟桥路68号');
INSERT INTO customer VALUES('uq7elr9lQBgqYOjr','uq7elr9lQBgqYOjr','39f90a0ebf08cda0d524f578f96119d9aaf5acc0de21954302419076df9154e9',NULL,'19179477971',0,0,'normal',72,'湖北省武汉市芦沟桥路68号');
INSERT INTO customer VALUES('yGa6NCJNLzDBO7OL','yGa6NCJNLzDBO7OL','4d4b68c1013d53ebb2fd594d645928010fb3a8aa372eb2bbed8406cf8aa6f2e8',NULL,'13323116538',0,0,'normal',73,'湖北省武汉市芦沟桥路68号');
INSERT INTO customer VALUES('qY66x5fRDTmnREf','qY66x5fRDTmnREf','4462e2a75ff135dd5a8e53ee61ea36d853593c2de77959506a46b17081489fc5',NULL,'19557554921',0,0,'normal',74,'湖北省武汉市芦沟桥路68号');
INSERT INTO customer VALUES('pcRpYKPnqDjN8','pcRpYKPnqDjN8','0f71ef2b8b959a46c3f787491206db47286bd0b0f460a3f67a59a15cc5cec5ec',NULL,'15892468712',0,0,'normal',75,'湖北省武汉市芦沟桥路68号');
INSERT INTO customer VALUES('fzSvYduEpD5B9EM','fzSvYduEpD5B9EM','edc59eb39c18cbe8b5f248e26c7df4c33340186f8d76063547987948ecd8eb39',NULL,'15757354131',0,0,'normal',76,'湖北省武汉市芦沟桥路68号');
INSERT INTO customer VALUES('1JZrE4ho','1JZrE4ho','48c8ce04ab6e37477638b0977a816471f0f9c302ee6985ba0d90aaff09d9b8f7',NULL,'13715883642',0,0,'normal',77,'湖北省武汉市芦沟桥路68号');
INSERT INTO customer VALUES('dqBa3qOZEkm','dqBa3qOZEkm','968c9e36634648709d8cd72c21df10420c5e288bbaf69053f883edb907f5da7a',NULL,'18395415259',0,0,'normal',78,'湖北省武汉市芦沟桥路68号');
INSERT INTO customer VALUES('2xG5seHAA10k5','2xG5seHAA10k5','920b04f00905a57aade7ce821d32f22bfdb4b3aab99d4e86ce0e86c8cb3ebd84',NULL,'17103915985',0,0,'normal',79,'湖北省武汉市芦沟桥路68号');
INSERT INTO customer VALUES('f4i1AUzsr','f4i1AUzsr','d950e38415961055606884d39af06e204370885b7dd9b61adf75af6ef0db3580',NULL,'19765319451',0,0,'normal',80,'湖北省武汉市芦沟桥路68号');
INSERT INTO customer VALUES('k9uybCPKNZA','k9uybCPKNZA','c95a4034ab64ebed01da943a4868cbd57729d179edb2721424126a69a1495a1d',NULL,'17295668734',0,0,'normal',81,'湖北省武汉市芦沟桥路68号');
INSERT INTO customer VALUES('LzheKmC0xAkfX','LzheKmC0xAkfX','535b69d0c79249d0a9c594f98118003c71b97a6c028f9d3f23ef73fb276a4322',NULL,'13049288230',0,0,'normal',82,'湖北省武汉市芦沟桥路68号');
INSERT INTO customer VALUES('ASwyj49HEV7t6','ASwyj49HEV7t6','5313aa06ced6b63c8a09e8745cb69c93a155a1690b94b6dd58062a44805d1934',NULL,'17783694424',0,0,'normal',83,'湖北省武汉市芦沟桥路68号');
INSERT INTO customer VALUES('yOM0jNnYLmuGHRc','yOM0jNnYLmuGHRc','f5c7664aae732f8cbf9b28de1a79a7a117de1445d4edee0972989ab185ca5c5c',NULL,'19337189197',0,0,'normal',84,'湖北省武汉市芦沟桥路68号');
INSERT INTO customer VALUES('RGAAOKwC8gLZctv','RGAAOKwC8gLZctv','6935787247fb3a71a5fddc56a3f3ca50f3be71c36842f2c2014d318264db2dda',NULL,'15411531644',0,0,'normal',85,'湖北省武汉市芦沟桥路68号');
INSERT INTO customer VALUES('sUpWCKxVdndVn','sUpWCKxVdndVn','d83f23c3b036accd84e25e838b0f6dc687732cea946f44f1222af577ce8a081b',NULL,'13750324688',0,0,'normal',86,'湖北省武汉市芦沟桥路68号');
INSERT INTO customer VALUES('7DIkyf8o','7DIkyf8o','b9a0a673d9795afd5ba742e0f7206e68201b5bd4e2008b5b2f3d42f0871bbde6',NULL,'14374176805',0,0,'normal',87,'湖北省武汉市芦沟桥路68号');
INSERT INTO customer VALUES('VCOc47fY','VCOc47fY','c02f99d413599960a8b98178309e18109ef97534c03172dce69940ece107ffbf',NULL,'18862237742',0,0,'normal',88,'湖北省武汉市芦沟桥路68号');
INSERT INTO customer VALUES('95mzDpiO','95mzDpiO','41131d12386d52adabc1fbfd10cfcf746bf0fa289facf7bf442dd792bf90fc2c',NULL,'17187038687',0,0,'normal',89,'湖北省武汉市芦沟桥路68号');
INSERT INTO customer VALUES('l9R75xefqQK7EW','l9R75xefqQK7EW','b3bd4fba89c19e8eaa2e69b9785d9e3a43a3660864137a93a70f6e4382d20817',NULL,'13770017039',0,0,'normal',90,'湖北省武汉市芦沟桥路68号');
INSERT INTO customer VALUES('5owy6dCymSzcb','5owy6dCymSzcb','987ad1a458b4d478a93768a036f69b4de51c5eb8579aaef40571cad8ae4756d8',NULL,'19039208746',0,0,'normal',91,'湖北省武汉市芦沟桥路68号');
INSERT INTO customer VALUES('GDJCocJxw','GDJCocJxw','8b34c20b83b5e860e9d8acdeb881aafbc4762853d999f50c81f052588722bc9e',NULL,'13058004799',0,0,'normal',92,'湖北省武汉市芦沟桥路68号');
INSERT INTO customer VALUES('p0ERSBbocl4L','p0ERSBbocl4L','cd9c73be8462d4b53f8fbb590c373d028f94f9c5b2d08eab60373072036d8f5c',NULL,'13277159590',0,0,'normal',93,'湖北省武汉市芦沟桥路68号');
INSERT INTO customer VALUES('D2XTiRJfSy','D2XTiRJfSy','f5662dad5d645b0ff4c9901906ed27a479840c7987db9849f4ca6dd3b435e4cd',NULL,'15321631275',0,0,'normal',94,'湖北省武汉市芦沟桥路68号');
INSERT INTO customer VALUES('mgrClSyIa','mgrClSyIa','794ec0346861fba911c5064bee495d85e7754a0a7305f002ac2d7af16e1b46e7',NULL,'15307086305',0,0,'normal',95,'湖北省武汉市芦沟桥路68号');
INSERT INTO customer VALUES('favve1FbACE5bG','favve1FbACE5bG','d4e55a4c7b6da9219bc9f69577d04d22b02559fa70349866ba4eb5321931d2e5',NULL,'15312999872',0,0,'normal',96,'湖北省武汉市芦沟桥路68号');
INSERT INTO customer VALUES('tF2ZJGYUYxQpoAL','tF2ZJGYUYxQpoAL','d061444445284e486369c49da3ce83355f2ff56531fd32bc6b01c7ac093c8d66',NULL,'17365393437',0,0,'normal',97,'湖北省武汉市芦沟桥路68号');
INSERT INTO customer VALUES('rghg7XLTys','rghg7XLTys','be18506cbaf5fbd10e26c69a40145722f37dc49df8938eb1d9d7e29b68106d37',NULL,'15177057051',0,0,'normal',98,'湖北省武汉市芦沟桥路68号');
INSERT INTO customer VALUES('UXa8EzQ4','UXa8EzQ4','47816b0ff4f397f03915ac87a17753b30d16bb86fc2adf094c64f63d5da39150',NULL,'15976527724',0,0,'normal',99,'湖北省武汉市芦沟桥路68号');
INSERT INTO customer VALUES('66hM7UjodE2dnJ','66hM7UjodE2dnJ','36ed6f0c98b493ee6c4f190901bc99439e747f082adf26e70edf12c31cece164',NULL,'17007207458',0,0,'normal',100,'湖北省武汉市芦沟桥路68号');
INSERT INTO customer VALUES('gGcDgY3nkf','gGcDgY3nkf','701540f6eafff4843db0b0dabc427bb207e9a44a26a2893424b17e69e9d3874b',NULL,'14339167830',0,0,'normal',101,'湖北省武汉市芦沟桥路68号');
INSERT INTO customer VALUES('yttWMhRj','yttWMhRj','182d6f30b323bf03607e41298fda7d708d02aaf12d9b794f7fe9083449741789',NULL,'17049944063',0,0,'normal',102,'湖北省武汉市芦沟桥路68号');
INSERT INTO customer VALUES('EW4hsGVoNj9i76f','EW4hsGVoNj9i76f','843834c9aec18ad11a4e98d28eae0183c18fa1aa40ab9485e5d6e3c32add7a96',NULL,'19691387330',0,0,'normal',103,'湖北省武汉市芦沟桥路68号');
INSERT INTO customer VALUES('XYvcdEvBG','XYvcdEvBG','dbb8939570de7b6507b5ae91787b640ccd84d00bf610d361d553d86f02326480',NULL,'18079671169',0,0,'normal',104,'湖北省武汉市芦沟桥路68号');
INSERT INTO customer VALUES('QXACT8VnZGXe1Obm','QXACT8VnZGXe1Obm','9009d2c8130ea28f9fbf4805faab598219c17ddd73937f4e38aca0513d1fdb65',NULL,'19288510110',0,0,'normal',105,'湖北省武汉市芦沟桥路68号');

-- 恢复外键检查
SET FOREIGN_KEY_CHECKS=1;