-- Active: 1702008151492@@127.0.0.1@3306@onlinebs

-- 防止因为外键的问题报错
SET FOREIGN_KEY_CHECKS=0;

-- author
INSERT INTO author VALUES('八月长安','Chinese',1987,'八月长安，原名刘婉荟，1987年8月12日出生于黑龙江省哈尔滨市，毕业于北京大学光华管理学院，中国青春文学作家。',6);
INSERT INTO author VALUES('Elena Ferrante','Italish',1943,'意大利当代匿名作家，2011年开始发表那不勒斯四部曲引起轰动，成为国际畅销书,2016年入选《时代周刊》评选的当今世界100个最具影响力的人物榜单',9);
INSERT INTO author VALUES('汪曾祺','Chinese',1920,'汪曾祺的散文没有结构的苦心经营，也不追求题旨的玄奥深奇，平淡质朴，娓娓道来，如话家常。',20);
INSERT INTO author VALUES('凑佳苗','Japanese',1973,NULL,18);
INSERT INTO author VALUES('林欣浩','Chinese',1981,'本人超级喜欢的一位作家！',8);
INSERT INTO author VALUES('金爱烂','Korean',1980,'朋友安利的一位作家，描述的很能让东亚女性共情！',5);
INSERT INTO author VALUES('马伯庸','Chinese',1980,NULL,9);
INSERT INTO author VALUES('蒋勋','Chinese',1947,NULL,9);
INSERT INTO author VALUES('Jeanette Winterson','English',1959,'曾获得惠特布莱德奖、英国电影学院奖最佳戏剧奖、大英帝国勋章等多个奖项及荣誉',7);
INSERT INTO author VALUES('Fredrik Backman','Swedish',1981,'2012年发表处女作《一个叫欧维的男人决定去死》令他一举成名，这部小说被翻译成25种语言，成为国际畅销书，2015年被改编成同名电影，获提名第89届奥斯卡最佳外语片奖',7);
INSERT INTO author VALUES('胡迁','Chinese',1988,NULL,4);

-- press
INSERT INTO press VALUES('长江文艺出版社','湖北省武汉市洪山区雄楚大街268号b座11楼1101室',2);
INSERT INTO press VALUES('北京联合出版有限公司','北京市朝阳区安华西里一区十三楼',11);
INSERT INTO press VALUES('湖南文艺出版社','长沙市开福区月湖街道匍园路71号马栏山信息中心1号栋419房',15);
INSERT INTO press VALUES('江苏凤凰文艺出版社','南京市中央路165号',5);
INSERT INTO press VALUES('人民文学出版社','北京市东城区朝阳门内大街166号',13);
INSERT INTO press VALUES('北岳文艺出版社','北京市东城区朝阳门内大街166号',1);
INSERT INTO press VALUES('江西人民出版社','南昌市三经路47号附1号',1);
INSERT INTO press VALUES('浙江人民出版社','杭州市体育场路347号11-13层',1);
INSERT INTO press VALUES('天津人民出版社','天津市和平区西康路35号5-6层',7);
INSERT INTO press VALUES('时代文艺出版社','长春市净月高新技术产业开发区福祉大路5788号龙腾国际大厦A座15层1501-1503',1);
INSERT INTO press VALUES('山东画报出版社','济南市胜利大街39号',1);
INSERT INTO press VALUES('江苏人民出版社','南京市鼓楼区湖南路1号A楼',1);
INSERT INTO press VALUES('光明日报出版社','北京市西城区永安路106号',1);
INSERT INTO press VALUES('中国青年出版社','北京市东城区东四十二条21号',2);
INSERT INTO press VALUES('江苏文艺出版社','江苏南京湖南路47号',1);
INSERT INTO press VALUES('中信出版社','北京市朝阳区惠新东街甲4号8-10层',5);
INSERT INTO press VALUES('作家出版社','北京市朝阳区农展馆南里10号',2);
INSERT INTO press VALUES('广东人民出版社','广州市越秀区大沙头四马路10号',1);
INSERT INTO press VALUES('百花文艺出版社','天津市和平区西康路35号康岳大厦7-8层',1);
INSERT INTO press VALUES('南海出版社','海南省海口市海秀中路51-1号星城大厦第5层5A房',3);
INSERT INTO press VALUES('新星出版社','北京市西城区车公庄大街丙3-1',2);
INSERT INTO press VALUES('九州出版社','北京市西城区阜成门外大街甲35号',3);
INSERT INTO press VALUES('化学工业出版社','北京市东城区青年湖南街13号',2);
INSERT INTO press VALUES('四川文艺出版社','四川省成都市金石路新华之星大厦26层',3);
INSERT INTO press VALUES('北京日报出版社','北京市东城区朝阳门南小街6号楼303室',1);
INSERT INTO press VALUES('长江出版社','武汉市江岸区解放大道1863号长江水利委员会3号楼401-417室',1);
INSERT INTO press VALUES('四川少年儿童出版社','四川省成都市锦江区工业园区三色路238号1栋1单元23层',2);
INSERT INTO press VALUES('辽宁人民出版社','辽宁省沈阳市和平区十一纬路25号',1);
INSERT INTO press VALUES('天天出版社','北京市东城区东中街42号2号楼二层',1);
INSERT INTO press VALUES('浙江文艺出版社','浙江省杭州市体育场路347号',1);
INSERT INTO press VALUES('春风文艺出版社','沈阳市和平区十一纬路25号',1);
INSERT INTO press VALUES('上海文艺出版社','上海市绍兴路74号2楼',2);
INSERT INTO press VALUES('浙江大学出版社','天目山路浙江大学西溪校区',1);
INSERT INTO press VALUES('二十一世纪出版社','江西省南昌市子安路75号',1);
INSERT INTO press VALUES('湖南美术出版社','长沙市雨花区东二环622号',1);
INSERT INTO press VALUES('上海三联出版社','上海市绍兴路5号',1);
INSERT INTO press VALUES('生活·读书·新知三联书店 ','北京市东城区美术馆东街22号',1);
INSERT INTO press VALUES('译林出版社','南京市湖南路1号A楼',2);

-- category
INSERT INTO category VALUES('青春文学',6);
INSERT INTO category VALUES('外国小说',18);
INSERT INTO category VALUES('外国随笔',4);
INSERT INTO category VALUES('中国现当代随笔',16);
INSERT INTO category VALUES('社会小说',11);
INSERT INTO category VALUES('文集',2);
INSERT INTO category VALUES('名家文学',2);
INSERT INTO category VALUES('中国当代小说',5);
INSERT INTO category VALUES('推理小说',14);
INSERT INTO category VALUES('哲学',3);
INSERT INTO category VALUES('历史',6);
INSERT INTO category VALUES('休闲',2);
INSERT INTO category VALUES('法律',1);
INSERT INTO category VALUES('艺术',3);
INSERT INTO category VALUES('文学评论',3);
INSERT INTO category VALUES('情感小说',5);
INSERT INTO category VALUES('传记',1);

-- book
INSERT INTO book VALUES('9787535482822','你好旧时光','青春不朽',2015,1,1.00,'长江文艺出版社','八月长安','青春文学',57);
INSERT INTO book VALUES('9787535494160','暗恋橘生淮南','女主嘴炮能力超强！',2017,9,1.00,'北京联合出版有限公司','八月长安','青春文学',54);
INSERT INTO book VALUES('9787540462642','最好的我们','高中真的超级美好555',2013,3,1.0,'湖南文艺出版社','八月长安','青春文学',54);
INSERT INTO book VALUES('9787559425935','这么多年','啊啊啊啊啊原生家庭是很多东亚人的痛！',2013,21990,0.999,'江苏凤凰文艺出版社','八月长安','青春文学',61);
INSERT INTO book VALUES('9787535491978','时间的女儿',NULL,2017,1,1.0,'长江文艺出版社','八月长安','青春文学',5);
INSERT INTO book VALUES('9787540462666','被偷走的那五年',NULL,2013,2,1.0,'湖南文艺出版社','八月长安','青春文学',14);
INSERT INTO book VALUES('9787020120130','我的天才女友','很有共鸣！',2017,12936,1.0,'人民文学出版社','Elena Ferrante','外国小说',31);
INSERT INTO book VALUES('9787532169948','新名字的故事','好绝望好迷茫',2019,1221,1.0,'人民文学出版社','Elena Ferrante','外国小说',36);
INSERT INTO book VALUES('9787532169955','离开的，留下的','想刀了Nino',2019,1,1.0,'人民文学出版社','Elena Ferrante','外国小说',36);
INSERT INTO book VALUES('9787532170081','失踪的孩子','看完会让你浅浅的心碎',2019,1539,1.0,'人民文学出版社','Elena Ferrante','外国小说',36);
INSERT INTO book VALUES('9787020169498','成年人的谎言生活',NULL,2021,10974,0.999,'人民文学出版社','Elena Ferrante','外国小说',31);
INSERT INTO book VALUES('9787020159178','碎片',NULL,2020,19377,1.0,'人民文学出版社','Elena Ferrante','外国随笔',31);
INSERT INTO book VALUES('9787020174782','烦人的爱',NULL,2022,2065,0.999,'人民文学出版社','Elena Ferrante','外国小说',20);
INSERT INTO book VALUES('9787020146161','偶然的创造',NULL,2022,2535,1.0,'人民文学出版社','Elena Ferrante','外国随笔',33);
INSERT INTO book VALUES('9787020179688','被遗弃的日子',NULL,2023,1063,1.0,'人民文学出版社','Elena Ferrante','外国小说',30);
INSERT INTO book VALUES('9787537861120','人间草木',NULL,2020,26719,1.0,'北岳文艺出版社','汪曾祺','中国现当代随笔',21);
INSERT INTO book VALUES('9787559420008','受戒',NULL,2018,0,NULL,'江苏凤凰文艺出版社','汪曾祺','社会小说',20);
INSERT INTO book VALUES('9787210088004','生活，是很好玩的',NULL,2016,1120,0.999,'江西人民出版社','汪曾祺','中国现当代随笔',25);
INSERT INTO book VALUES('9787213105814','五味',NULL,2023,1001,1.0,'浙江人民出版社','汪曾祺','文集',23);
INSERT INTO book VALUES('9787559420015','岁朝清供',NULL,2018,2333,1.0,'江苏凤凰文艺出版社','汪曾祺','名家文学',18);
INSERT INTO book VALUES('9787201086545','人间滋味',NULL,2014,40550,0.998,'天津人民出版社','汪曾祺','中国现当代随笔',17);
INSERT INTO book VALUES('9787538756395','大淖记事',NULL,2018,42587,1.0,'时代文艺出版社','汪曾祺','社会小说',17);
INSERT INTO book VALUES('9787547424568','我在西南联大的日子',NULL,2018,9089,1.0,'山东画报出版社','汪曾祺','中国现当代随笔',27);
INSERT INTO book VALUES('9787214127624','食事',NULL,2014,81041,0.998,'江苏人民出版社','汪曾祺','中国现当代随笔',16);
INSERT INTO book VALUES('9787519456788','家人闲坐，灯火可亲',NULL,2020,54,1.0,'光明日报出版社','汪曾祺','中国现当代随笔',16);
INSERT INTO book VALUES('9787515313023','老味道',NULL,2022,370,0.997,'中国青年出版社','汪曾祺','名家文学',23);
INSERT INTO book VALUES('9787539963761','做饭',NULL,2013,5507,0.997,'江苏文艺出版社','汪曾祺','中国现当代随笔',16);
INSERT INTO book VALUES('9787201127163','山河故人',NULL,2018,11400,1.0,'天津人民出版社','汪曾祺','中国现当代随笔',24);
INSERT INTO book VALUES('9787550273603','茶，汤和好天气',NULL,2016,4,1.0,'北京联合出版有限公司','汪曾祺','中国现当代随笔',13);
INSERT INTO book VALUES('9787508680798','肉食者不鄙',NULL,2016,1383,1.0,'中信出版社','汪曾祺','中国现当代随笔',34);
INSERT INTO book VALUES('9787506360753','草木春秋',NULL,2020,1149,1.0,'作家出版社','汪曾祺','文集',14);
INSERT INTO book VALUES('9787500699415','水蛇腰',NULL,2011,2,1.0,'中国青年出版社','汪曾祺','中国当代小说',22);
INSERT INTO book VALUES('9787218138640','聊斋新义',NULL,2020,1,1.0,'广东人民出版社','汪曾祺','中国当代小说',25);
INSERT INTO book VALUES('9787550022188','一定要，爱着点什么',NULL,2017,1,1.0,'百花文艺出版社','汪曾祺','中国现当代随笔',40);
INSERT INTO book VALUES('9787201086538','人间有戏',NULL,2014,8124,0.998,'天津人民出版社','汪曾祺','中国现当代随笔',17);
INSERT INTO book VALUES('9787540494247','告白','中日两国畅销十年，推理小说经典读物，日本推理小说家凑佳苗成名之作，极善与极恶之间，校园与少年之中，伦理与正义分歧，每个人的看法都天差地别 ',2020,74731,0.992,'湖南文艺出版社','凑佳苗','推理小说',24);
INSERT INTO book VALUES('9787544272179','赎罪',NULL,2014,0,NULL,'南海出版社','凑佳苗','推理小说',20);
INSERT INTO book VALUES('9787544256872','为了N',NULL,2012,0,NULL,'南海出版社','凑佳苗','推理小说',48);
INSERT INTO book VALUES('9787559618030','往复书简',NULL,2018,0,NULL,'北京联合出版有限公司','凑佳苗','推理小说',8);
INSERT INTO book VALUES('9787540451967','夜行观览车',NULL,2012,1,1.0,'湖南文艺出版社','凑佳苗','推理小说',17);
INSERT INTO book VALUES('9787544254885','少女',NULL,2011,0,NULL,'南海出版社','凑佳苗','推理小说',18);
INSERT INTO book VALUES('9787513319843','物语终焉',NULL,2016,0,NULL,'新星出版社','凑佳苗','社会小说',23);
INSERT INTO book VALUES('9787540452537','花之链',NULL,2012,0,NULL,'湖南文艺出版社','凑佳苗','推理小说',13);
INSERT INTO book VALUES('9787540465445','闺蜜',NULL,2014,0,NULL,'湖南文艺出版社','凑佳苗','推理小说',6);
INSERT INTO book VALUES('9787510842832','睡在豌豆上',NULL,2016,0,NULL,'九州出版社','凑佳苗','社会小说',27);
INSERT INTO book VALUES('9787508669878','山女日记',NULL,2017,0,NULL,'中信出版社','凑佳苗','社会小说',26);
INSERT INTO book VALUES('9787506375320','蓝宝石',NULL,2014,0,NULL,'作家出版社','凑佳苗','社会小说',9);
INSERT INTO book VALUES('9787122224927','母性',NULL,2012,0,NULL,'化学工业出版社','凑佳苗','推理小说',57);
INSERT INTO book VALUES('9787559610652','绝唱',NULL,2018,0,NULL,'北京联合出版有限公司','凑佳苗','推理小说',16);
INSERT INTO book VALUES('9787559617316','反转',NULL,2018,0,NULL,'北京联合出版有限公司','凑佳苗','推理小说',17);
INSERT INTO book VALUES('9787541154737','望乡',NULL,2020,0,NULL,'四川文艺出版社','凑佳苗','外国小说',14);
INSERT INTO book VALUES('9787020119769','白雪公主杀人事件',NULL,2023,0,NULL,'人民文学出版社','凑佳苗','推理小说',49);
INSERT INTO book VALUES('9787122255181','高校入试',NULL,2016,0,NULL,'化学工业出版社','凑佳苗','推理小说',13);
INSERT INTO book VALUES('9787547742181','哲学家们都干了些什么',NULL,2022,11954,1.0,'北京日报出版社','林欣浩','哲学',30);
INSERT INTO book VALUES('9787549256525','佛祖都说了些什么',NULL,2018,41,1.0,'长江出版社','林欣浩','哲学',26);
INSERT INTO book VALUES('9787536564718','哇，历史原来可以这样学1',NULL,2016,3562,0.999,'四川少年儿童出版社','林欣浩','历史',11);
INSERT INTO book VALUES('9787536564725','哇，历史原来可以这样学2',NULL,2016,2373,0.998,'四川少年儿童出版社','林欣浩','历史',13);
INSERT INTO book VALUES('9787205065201','一个人也得下厨房',NULL,2009,0,NULL,'辽宁人民出版社','林欣浩','休闲',22);
INSERT INTO book VALUES('9787501616268','诸子百家闪耀时',NULL,2020,10135,1.0,'天天出版社','林欣浩','哲学',20);
INSERT INTO book VALUES('9787533956882','破局',NULL,2019,0,NULL,'浙江文艺出版社','林欣浩','历史',21);
INSERT INTO book VALUES('9787531337737','宅男美食大作战',NULL,2010,0,NULL,'春风文艺出版社','林欣浩','休闲',9);
INSERT INTO book VALUES('9787020171774','你的夏天还好吗？','书中形形色色的人物大多面临绝境，赤裸裸地暴露在现实之中，却试图寻找渺茫的希望。',2022,10556,1.0,'人民文学出版社','金爱烂','外国小说',26);
INSERT INTO book VALUES('9787020171910','外面是夏天',NULL,2022,0,NULL,'人民文学出版社','金爱烂','外国小说',25);
INSERT INTO book VALUES('9787532151844','噙满口水',NULL,2014,0,NULL,'上海文艺出版社','金爱烂','外国小说',383);
INSERT INTO book VALUES('9787020173747','我的忐忑人生',NULL,2022,21,1.0,'人民文学出版社','金爱烂','外国随笔',39);
INSERT INTO book VALUES('9787532145140','老爸，快跑',NULL,2012,0,NULL,'上海文艺出版社','金爱烂','社会小说',131);
INSERT INTO book VALUES('9787540478315','长安十二时辰',NULL,2020,534,0.998,'湖南文艺出版社','马伯庸','历史',50);
INSERT INTO book VALUES('9787550266384','古董局中局',NULL,2018,40880,1.0,'湖南文艺出版社','马伯庸','推理小说',92);
INSERT INTO book VALUES('9787540488475','显微镜下的大明','已经改编为电视剧',2019,236396,1.0,'湖南文艺出版社','马伯庸','历史',26);
INSERT INTO book VALUES('9787308106603','我读书少，你可别骗我',NULL,2012,5,1.0,'浙江大学出版社','马伯庸','中国当代小说',39);
INSERT INTO book VALUES('9787540482855','风起陇西',NULL,2017,25668,1.0,'湖南文艺出版社','马伯庸','历史',28);
INSERT INTO book VALUES('9787540483388','三国机密',NULL,2017,33272,1.0,'湖南文艺出版社','马伯庸','社会小说',40);
INSERT INTO book VALUES('9787540490874','三国配角演义',NULL,2019,21717,0.999,'湖南文艺出版社','马伯庸','历史',25);
INSERT INTO book VALUES('9787540473464','龙与地下铁',NULL,2016,10512,0.997,'湖南文艺出版社','马伯庸','中国当代小说',20);
INSERT INTO book VALUES('9787539138244','殷商舰队玛雅征服史',NULL,2007,1,1.0,'二十一世纪出版社','马伯庸','法律',93);
INSERT INTO book VALUES('9787559446619','孤独六讲',NULL,2020,14629,1.0,'江苏凤凰文艺出版社','蒋勋','中国现当代随笔',21);
INSERT INTO book VALUES('9787559446596','生活十讲',NULL,2020,3995,1.0,'江苏凤凰文艺出版社','蒋勋','中国现当代随笔',21);
INSERT INTO book VALUES('9787535672100','写给大家的西方美术史',NULL,2020,170446,0.998,'湖南美术出版社','蒋勋','艺术',49);
INSERT INTO book VALUES('9787508670911','蒋勋说红楼梦',NULL,2021,45993,0.999,'中信出版社','蒋勋','文学评论',264);
INSERT INTO book VALUES('9787535668776','吴哥之美',NULL,2020,45626,0.987,'湖南文艺出版社','蒋勋','中国现当代随笔',39);
INSERT INTO book VALUES('9787542678997','汉字书法之美',NULL,2020,1766,0.999,'上海三联出版社','蒋勋','艺术',59);
INSERT INTO book VALUES('9787508647579','蒋勋说宋词',NULL,2014,56178,0.999,'中信出版社','蒋勋','文学评论',29);
INSERT INTO book VALUES('9787508647562','蒋勋说唐诗',NULL,2014,57061,0.999,'中信出版社','蒋勋','文学评论',22);
INSERT INTO book VALUES('9787108030061','给青年艺术家的信',NULL,2009,0,NULL,'生活·读书·新知三联书店 ','蒋勋','艺术',88);
INSERT INTO book VALUES('9787559614711','橘子不是唯一的水果',NULL,2018,329085,0.999,'北京联合出版有限公司','Jeanette Winterson','社会小说',25);
INSERT INTO book VALUES('9787559614988','我要快乐，不必正常',NULL,2018,41305,1.0,'北京联合出版有限公司','Jeanette Winterson','传记',25);
INSERT INTO book VALUES('9787559634276','写在身体上',NULL,2019,6759,1.0,'北京联合出版有限公司','Jeanette Winterson','外国小说',25);
INSERT INTO book VALUES('9787559641984','给樱桃以性别',NULL,2020,14951,1.0,'北京联合出版有限公司','Jeanette Winterson','外国小说',30);
INSERT INTO book VALUES('9787540493240','守望灯塔',NULL,2020,2,1.0,'湖南文艺出版社','Jeanette Winterson','社会小说',19);
INSERT INTO book VALUES('9787550272842','时间之间',NULL,2016,0,NULL,'北京联合出版有限公司','Jeanette Winterson','情感小说',15);
INSERT INTO book VALUES('9787513301510','激情',NULL,2011,1,1.0,'新星出版社','Jeanette Winterson','情感小说',26);
INSERT INTO book VALUES('9787541157226','一个叫欧维的男人决定去死',NULL,2020,30475,1.0,'四川文艺出版社','Fredrik Backman','外国小说',41);
INSERT INTO book VALUES('9787201116693','外婆的道歉信',NULL,2017,659579,1.0,'天津人民出版社','Fredrik Backman','情感小说',41);
INSERT INTO book VALUES('9787201129396','清单人生',NULL,2018,115911,1.0,'天津人民出版社','Fredrik Backman','情感小说',21);
INSERT INTO book VALUES('9787541149337','熊镇',NULL,2018,61554,1.0,'四川文艺出版社','Fredrik Backman','外国小说',36);
INSERT INTO book VALUES('9787201142821','时间的礼物',NULL,2018,57146,0.999,'天津人民出版社','Fredrik Backman','情感小说',18);
INSERT INTO book VALUES('9787559628015','长长的回家路',NULL,2019,1,1.0,'北京联合出版有限公司','Fredrik Backman','外国小说',15);
INSERT INTO book VALUES('9787201158716','不要和你妈争辩',NULL,2019,18814,0.999,'天津人民出版社','Fredrik Backman','外国随笔',20);
INSERT INTO book VALUES('9787510846403','大裂',NULL,2017,7,1.0,'九州出版社','胡迁','推理小说',59);
INSERT INTO book VALUES('9787510857720','牛蛙',NULL,2017,0,NULL,'九州出版社','胡迁','中国现当代随笔',24);
INSERT INTO book VALUES('9787544780216','大象席地而坐',NULL,2022,10988,1.0,'译林出版社','胡迁','中国当代小说',34);
INSERT INTO book VALUES('9787544774277','远处的拉莫',NULL,2018,0,NULL,'译林出版社','胡迁','中国当代小说',37);

-- vip_rate
INSERT INTO vip_rate VALUES(0,1.0);
INSERT INTO vip_rate VALUES(1,0.9);
INSERT INTO vip_rate VALUES(2,0.8);
INSERT INTO vip_rate VALUES(3,0.7);
INSERT INTO vip_rate VALUES(4,0.6);
INSERT INTO vip_rate VALUES(5,0.5);
INSERT INTO vip_rate VALUES(6,0.4);

-- order_book
INSERT INTO order_book VALUES('9787020171910',1,2);
INSERT INTO order_book VALUES('9787020159178',1,1);
INSERT INTO order_book VALUES('9787213105814',2,1);
INSERT INTO order_book VALUES('9787508670911',3,4);
INSERT INTO order_book VALUES('9787508670911',4,1);
INSERT INTO order_book VALUES('9787020119769',5,1);
INSERT INTO order_book VALUES('9787020120130',6,1);
INSERT INTO order_book VALUES('9787020146161',7,1);
INSERT INTO order_book VALUES('9787020159178',8,1);
INSERT INTO order_book VALUES('9787020169498',9,1);
INSERT INTO order_book VALUES('9787020171774',10,1);
INSERT INTO order_book VALUES('9787020171910',11,1);
INSERT INTO order_book VALUES('9787020173747',12,1);
INSERT INTO order_book VALUES('9787020174782',13,1);
INSERT INTO order_book VALUES('9787020179688',14,1);
INSERT INTO order_book VALUES('9787108030061',15,1);
INSERT INTO order_book VALUES('9787122224927',16,1);
INSERT INTO order_book VALUES('9787122255181',17,1);
INSERT INTO order_book VALUES('9787201086538',18,1);
INSERT INTO order_book VALUES('9787201086545',19,1);
INSERT INTO order_book VALUES('9787201116693',20,1);
INSERT INTO order_book VALUES('9787201127163',21,1);
INSERT INTO order_book VALUES('9787201129396',22,1);
INSERT INTO order_book VALUES('9787201142821',23,1);
INSERT INTO order_book VALUES('9787201158716',23,2);
INSERT INTO order_book VALUES('9787205065201',23,1);
INSERT INTO order_book VALUES('9787210088004',24,1);
INSERT INTO order_book VALUES('9787213105814',25,1);
INSERT INTO order_book VALUES('9787214127624',25,1);
INSERT INTO order_book VALUES('9787218138640',26,1);
INSERT INTO order_book VALUES('9787308106603',27,1);
INSERT INTO order_book VALUES('9787500699415',28,1);
INSERT INTO order_book VALUES('9787501616268',29,1);
INSERT INTO order_book VALUES('9787506375320',30,1);

-- order
INSERT INTO orders(update_time,receipt_place,customer_id,price_sum) VALUES(STR_TO_DATE('2022-02-15 08:00:00','%Y-%m-%d %h:%i:%s'),'湖北省武汉市武昌区八一路87号','Ashlynnnnnnn',81);
INSERT INTO orders(update_time,receipt_place,customer_id,price_sum) VALUES(STR_TO_DATE('2022-02-15 08:00:00','%Y-%m-%d %h:%i:%s'),'湖北省武汉市武昌区八一路87号','Ashlynnnnnnn',23);
INSERT INTO orders(update_time,receipt_place,customer_id,price_sum) VALUES(STR_TO_DATE('2022-02-15 08:00:07','%Y-%m-%d %h:%i:%s'),'湖北省武汉市八一路2号','szzh05104',1056);
INSERT INTO orders(update_time,receipt_place,customer_id,price_sum) VALUES(STR_TO_DATE('2022-02-15 08:00:07','%Y-%m-%d %h:%i:%s'),'湖北省武汉市八一路2号','szzh05104',27);
INSERT INTO orders(update_time,receipt_place,customer_id,price_sum) VALUES(STR_TO_DATE('2022-02-15 08:01:07','%Y-%m-%d %h:%i:%s'),'北京市北京航空航天大学','qUpQSxV8FQ',49);
INSERT INTO orders(update_time,receipt_place,customer_id,price_sum) VALUES(STR_TO_DATE('2022-02-15 08:01:07','%Y-%m-%d %h:%i:%s'),'北京市成府路69号','l830UnWQfy',31);
INSERT INTO orders(update_time,receipt_place,customer_id,price_sum) VALUES(STR_TO_DATE('2022-02-15 08:02:00','%Y-%m-%d %h:%i:%s'),'北京市成府路69号','KgqSaekhIA',33);
INSERT INTO orders(update_time,receipt_place,customer_id,price_sum) VALUES(STR_TO_DATE('2022-02-15 08:02:20','%Y-%m-%d %h:%i:%s'),'北京市学院路29号中国地质大学内','X4fMEfIyHo',31);
INSERT INTO orders(update_time,receipt_place,customer_id,price_sum) VALUES(STR_TO_DATE('2022-02-15 08:02:30','%Y-%m-%d %h:%i:%s'),'北京市北四环西路68号','celraa4UMEeE0b',31);
INSERT INTO orders(update_time,receipt_place,customer_id,price_sum) VALUES(STR_TO_DATE('2022-02-15 08:02:37','%Y-%m-%d %h:%i:%s'),'北京市颐和园路5号北京大学45甲楼','ThLG49xT',26);
INSERT INTO orders(update_time,receipt_place,customer_id,price_sum) VALUES(STR_TO_DATE('2022-02-15 08:02:40','%Y-%m-%d %h:%i:%s'),'北京市中关村创业大街2号','LF7BlXcaut',25);
INSERT INTO orders(update_time,receipt_place,customer_id,price_sum) VALUES(STR_TO_DATE('2022-02-15 08:05:40','%Y-%m-%d %h:%i:%s'),'北京市海淀大街31号海淀图书城籍海楼314室(近苏州街)','sanfenmeihao',39);
INSERT INTO orders(update_time,receipt_place,customer_id,price_sum) VALUES(STR_TO_DATE('2022-02-15 08:05:50','%Y-%m-%d %h:%i:%s'),'北京市海淀大街31号籍海楼2层206','qqqqqqqq',20);
INSERT INTO orders(update_time,receipt_place,customer_id,price_sum) VALUES(STR_TO_DATE('2022-02-15 08:05:50','%Y-%m-%d %h:%i:%s'),'北京市西直门外大街1号院凯德MALL·西直门3层','lilixiyv',30);
INSERT INTO orders(update_time,receipt_place,customer_id,price_sum) VALUES(STR_TO_DATE('2022-02-15 08:07:50','%Y-%m-%d %h:%i:%s'),'北京市甘家口南小院1号','starclusterrr',88);
INSERT INTO orders(update_time,receipt_place,customer_id,price_sum) VALUES(STR_TO_DATE('2022-02-15 09:07:50','%Y-%m-%d %h:%i:%s'),'上海市福州路465号','xiaqijian',57);
INSERT INTO orders(update_time,receipt_place,customer_id,price_sum) VALUES(STR_TO_DATE('2022-02-16 09:07:50','%Y-%m-%d %h:%i:%s'),'上海市淮海中路624号','echoecho',13);
INSERT INTO orders(update_time,receipt_place,customer_id,price_sum) VALUES(STR_TO_DATE('2022-02-17 09:07:50','%Y-%m-%d %h:%i:%s'),'上海市地铁1号线上海体育场站内','ciLIPugVMPnJU',17);
INSERT INTO orders(update_time,receipt_place,customer_id,price_sum) VALUES(STR_TO_DATE('2022-02-18 09:07:50','%Y-%m-%d %h:%i:%s'),'上海市东方路710号汤臣金融大厦地下1层','R5QA7XqSTPE',17);
INSERT INTO orders(update_time,receipt_place,customer_id,price_sum) VALUES(STR_TO_DATE('2022-02-19 09:07:50','%Y-%m-%d %h:%i:%s'),'上海市南京东路830号第一百货6楼(近西藏中路)','NIuCIem3',41);
INSERT INTO orders(update_time,receipt_place,customer_id,price_sum) VALUES(STR_TO_DATE('2022-02-20 09:07:50','%Y-%m-%d %h:%i:%s'),'上海市西藏北路198号大悦城二期6层602-612号','ephlzWTAv5AYYUzB',24);
INSERT INTO orders(update_time,receipt_place,customer_id,price_sum) VALUES(STR_TO_DATE('2022-02-20 09:10:50','%Y-%m-%d %h:%i:%s'),'上海市福州路531弄2-5号','FkVcZVND23aprv7w',21);
INSERT INTO orders(update_time,receipt_place,customer_id,price_sum) VALUES(STR_TO_DATE('2022-02-20 09:20:50','%Y-%m-%d %h:%i:%s'),'上海市马当路245号新天地时尚购物广场B112号','rLXkruUip5t2',80);
INSERT INTO orders(update_time,receipt_place,customer_id,price_sum) VALUES(STR_TO_DATE('2022-02-20 09:20:50','%Y-%m-%d %h:%i:%s'),'上海市马当路245号新天地时尚购物广场B112号','rLXkruUip5t2',25);
INSERT INTO orders(update_time,receipt_place,customer_id,price_sum) VALUES(STR_TO_DATE('2022-02-21 09:20:50','%Y-%m-%d %h:%i:%s'),'上海市邯郸路600号城中城地下1层B1-2A/B1-2B','qhBVj0bXwXB',39);
INSERT INTO orders(update_time,receipt_place,customer_id,price_sum) VALUES(STR_TO_DATE('2022-02-21 09:20:50','%Y-%m-%d %h:%i:%s'),'上海市邯郸路600号城中城地下1层B1-2A/B1-2B','qhBVj0bXwXB',25);
INSERT INTO orders(update_time,receipt_place,customer_id,price_sum) VALUES(STR_TO_DATE('2022-02-21 09:20:50','%Y-%m-%d %h:%i:%s'),'上海市邯郸路600号城中城地下1层B1-2A/B1-2B','qhBVj0bXwXB',39);
INSERT INTO orders(update_time,receipt_place,customer_id,price_sum) VALUES(STR_TO_DATE('2022-03-21 09:20:50','%Y-%m-%d %h:%i:%s'),'上海市巨鹿路828号','zYZk9BzLAf',22);
INSERT INTO orders(update_time,receipt_place,customer_id,price_sum) VALUES(STR_TO_DATE('2022-04-21 09:20:50','%Y-%m-%d %h:%i:%s'),'上海市乌鲁木齐南路178号','9nD3C00xtRxWQvt',20);
INSERT INTO orders(update_time,receipt_place,customer_id,price_sum) VALUES(STR_TO_DATE('2022-05-21 09:20:50','%Y-%m-%d %h:%i:%s'),'上海市安福路300号','yrCcExoYvH3njH6',9);

-- customer
INSERT INTO customer VALUES('Ashlynnnnnnn','ashlyn','19278c64dcd6c2775940cdeafca8aa7759fb071d11eb08095c82486240d9ed27','ashlynsun@163.com','15377016336',0,81,'normal',2,'湖北省武汉市武昌区八一路87号');
INSERT INTO customer VALUES('szzh05104','szzh','e117347719870553002445d811b800ad34f1a116c6549e0f931d37b2b1cc9613','szzh@gmail.com','13995596192',1,1056,'normal',4,'湖北省武汉市八一路2号');
INSERT INTO customer VALUES('qUpQSxV8FQ','quP','adb92c88c6aa5e5506eb41b30a1584a0e54c9f233aacadd8c00233fd300d0a70',NULL,'15278275283',0,0,'normal',5,'北京市北京航空航天大学');
INSERT INTO customer VALUES('l830UnWQfy','888333','032f0e4909f91655799a48584097a9eae56525eb8e486d1ca4cda35d4564f66c',NULL,'15752124707',0,0,'normal',6,'北京市成府路69号');
INSERT INTO customer VALUES('KgqSaekhIA','KKKKKKK','a566a30067e3976f8444b55db36adfd31a5a6b8fcb661519ba7275c9c35223d3',NULL,'16940199513',0,0,'normal',7,'北京市成府路69号');
INSERT INTO customer VALUES('X4fMEfIyHo','hohohoho','b5f27f0620a53309e5948cfcf64b6aeff310e48bb9b53f041349a0a2864f86b0',NULL,'17651483470',0,0,'normal',8,'北京市学院路29号中国地质大学内');
INSERT INTO customer VALUES('celraa4UMEeE0b','celraa','4ae73a3bd283c32940547602e14f2f18e563a4fe7e2cf037c720bb27e5ebe0e6',NULL,'19001710235',0,0,'normal',9,'北京市北四环西路68号');
INSERT INTO customer VALUES('ThLG49xT','thorn','1d43e60cbe78d1393ce0fd313bab39c4affca18f6ff89bee91c3cfc442a9f280',NULL,'13130765577',0,0,'normal',10,'北京市颐和园路5号北京大学45甲楼');
INSERT INTO customer VALUES('LF7BlXcaut','lfandr','21073025f55c64f5b338e44661b64222fdd354dd08a88a532af696da08bbc81f',NULL,'18518315906',0,0,'normal',11,'北京市中关村创业大街2号');
INSERT INTO customer VALUES('sanfenmeihao','wzw','7decd8349f664fbcad81fbe7f5e6bee37d53c2af70c6603a9111be6ec2146457',NULL,'13780101221',0,0,'normal',12,'北京市海淀大街31号海淀图书城籍');
INSERT INTO customer VALUES('qqqqqqqq','Q','37f73cb6822123979a54bd78ccbbde24fa164a111e48b856fb7abd0841f01b0e',NULL,'17826262893',0,0,'normal',13,'北京市海淀大街31号籍海楼2层206');
INSERT INTO customer VALUES('lilixiyv','lxy','cb35c1e58c0c247393af46f5c867c7428a1eeb9972d35a2dfadad18fbe7344a0',NULL,'16308414964',0,0,'normal',14,'北京市西直门外大街1号院凯德MALL·西直门3层');
INSERT INTO customer VALUES('starclusterrr','starclusterrr','a19d9dc14a5598c9f34b50b0a4bb4f9235cfc82a19d70b660f206ead1c2f11a6',NULL,'18201706629',0,0,'normal',15,'北京市甘家口南小院1号');
INSERT INTO customer VALUES('xiaqijian','下期见','16e547eed806464b640adc137af832edebffab7ceb987e1d6b02b45b9a872e37',NULL,'18065796475',0,0,'normal',16,'上海市福州路465号');
INSERT INTO customer VALUES('echoecho','echo','ded12e52bf1e809c3962b9bcedc78ff0ec2a8494da7d60a8ae2957edc2f7d5e3',NULL,'19388815004',0,0,'normal',17,'上海市淮海中路624号');
INSERT INTO customer VALUES('ciLIPugVMPnJU','alice-cli','6eb76bd55d99a1c1da67b76cc64463959334b753c384fd1d2874f363f65cad42',NULL,'13720333883',0,0,'normal',18,'上海市地铁1号线上海体育场站内');
INSERT INTO customer VALUES('R5QA7XqSTPE','rrround','822edf29372d6dc303c138ce12472c3bf2b9780d22c7675b73e60d53365cc700',NULL,'19884988461',0,0,'normal',19,'上海市东方路710号汤臣金融大厦地下');
INSERT INTO customer VALUES('NIuCIem3','nucllear','2c9bc408c02e6260242e630c39bbc8ba5c4258c353c125e49e7b56606439fead',NULL,'15841686693',0,0,'normal',20,'上海市南京东路830号第一百货6楼(近西藏中路)');
INSERT INTO customer VALUES('ephlzWTAv5AYYUzB','elephant','d46593d44f8ae9ee50fc62a7efefbf8766b1531143acd0045899646f0688a7b2',NULL,'18835284977',0,0,'normal',21,'上海市西藏北路198号大悦城二期6层602-612号');
INSERT INTO customer VALUES('FkVcZVND23aprv7w','fuzzy~','17548f19089c48fa79c24134ac5d13a302f6aa9377b4ccb20d9a990bf313da74',NULL,'13468627899',0,0,'normal',22,'上海市福州路531弄2-5号');
INSERT INTO customer VALUES('rLXkruUip5t2','521521bad','e61894a2f158dc8fd728bb597e124400468b0caa21879c89e594948d7385aa0a',NULL,'15491066125',0,80,'normal',24,'上海市马当路245号新天地时尚购物广场B112号');
INSERT INTO customer VALUES('qhBVj0bXwXB','qqqqqaaa','a1b5d39bff15adf6c64273ec3b6e37c47d93896c95bd08e1d390240d50b49c62',NULL,'13658258195',0,64,'normal',27,'上海市邯郸路600号城中城地下1层B1-2A/B1-2B');
INSERT INTO customer VALUES('zYZk9BzLAf','zzzzYY','0a3b3b213f6642552271765117dab71b924c930196cce99d23d3c20718ca9b1f',NULL,'18308553386',0,0,'normal',28,'上海市巨鹿路828号');
INSERT INTO customer VALUES('9nD3C00xtRxWQvt','9900','60d6518be18e12c7395563a02b1c9ded2436383cb0d8cfec9cc54e11ebd70dfa',NULL,'13499374066',0,0,'normal',29,'上海市乌鲁木齐南路178号');
INSERT INTO customer VALUES('yrCcExoYvH3njH6','yrh6','503cf4a696f6aa6fafde86fa8a788bfe3b68fc237fc12fde2fca57ce33ecc24d',NULL,'13608311943',0,0,'normal',30,'上海市安福路300号');
INSERT INTO customer VALUES('aaashlynnn','ashlynsun','9d4e55366f833ab24766706b0411326d9ccfbda6aa476792e3511a26904b5f9b','ashlynsun0923@gmail.com','13608311943',NULL,NULL,'super',NULL,NULL);