-- Active: 1702008151492@@127.0.0.1@3306@onlinebs

-- 防止因为外键的问题报错
SET FOREIGN_KEY_CHECKS = 0;

-- author
INSERT INTO author VALUES('八月长安','Chinese',1987,'八月长安，原名刘婉荟，1987年8月12日出生于黑龙江省哈尔滨市，毕业于北京大学光华管理学院，中国青春文学作家。',6);
INSERT INTO author VALUES('Elena Ferrante','Italish',1943,'意大利当代匿名作家，2011年开始发表那不勒斯四部曲引起轰动，成为国际畅销书,2016年入选《时代周刊》评选的当今世界100个最具影响力的人物榜单',9);
INSERT INTO author VALUES('汪曾祺','Chinese',1920,'汪曾祺的散文没有结构的苦心经营，也不追求题旨的玄奥深奇，平淡质朴，娓娓道来，如话家常。',20);
INSERT INTO author VALUES('凑佳苗','Japanese',1973,NULL,18);
INSERT INTO author VALUES('林欣浩','Chinese',1981,'本人超级喜欢的一位作家！',8);
INSERT INTO author VALUES('金爱烂','Korean',1980,'朋友安利的一位作家，描述的很能让东亚女性共情！',5);
INSERT INTO author VALUES('马伯庸','Chinese',1980,NULL,9);
INSERT INTO author VALUES('蒋勋','Chinese',1947,NULL,9);
INSERT INTO author VALUES('Jeanette Winterson','English',1959,'曾获得惠特布莱德奖、英国电影学院奖最佳戏剧奖、大英帝国勋章等多个奖项及荣誉',7);
INSERT INTO author VALUES('Fredrik Backman','Swedish',1981,'2012年发表处女作《一个叫欧维的男人决定去死》令他一举成名，这部小说被翻译成25种语言，成为国际畅销书，2015年被改编成同名电影，获提名第89届奥斯卡最佳外语片奖',7);
INSERT INTO author VALUES('胡迁','Chinese',1988,NULL,4);

-- press
INSERT INTO press VALUES('长江文艺出版社','湖北省武汉市洪山区雄楚大街268号b座11楼1101室',2);
INSERT INTO press VALUES('北京联合出版有限公司','北京市朝阳区安华西里一区十三楼',11);
INSERT INTO press VALUES('湖南文艺出版社','长沙市开福区月湖街道匍园路71号马栏山信息中心1号栋419房',15);
INSERT INTO press VALUES('江苏凤凰文艺出版社','南京市中央路165号',5);
INSERT INTO press VALUES('人民文学出版社','北京市东城区朝阳门内大街166号',13);
INSERT INTO press VALUES('北岳文艺出版社','北京市东城区朝阳门内大街166号',1);
INSERT INTO press VALUES('江西人民出版社','南昌市三经路47号附1号',1);
INSERT INTO press VALUES('浙江人民出版社','杭州市体育场路347号11-13层',1);
INSERT INTO press VALUES('天津人民出版社','天津市和平区西康路35号5-6层',7);
INSERT INTO press VALUES('时代文艺出版社','长春市净月高新技术产业开发区福祉大路5788号龙腾国际大厦A座15层1501-1503',1);
INSERT INTO press VALUES('山东画报出版社','济南市胜利大街39号',1);
INSERT INTO press VALUES('江苏人民出版社','南京市鼓楼区湖南路1号A楼',1);
INSERT INTO press VALUES('光明日报出版社','北京市西城区永安路106号',1);
INSERT INTO press VALUES('中国青年出版社','北京市东城区东四十二条21号',2);
INSERT INTO press VALUES('江苏文艺出版社','江苏南京湖南路47号',1);
INSERT INTO press VALUES('中信出版社','北京市朝阳区惠新东街甲4号8-10层',5);
INSERT INTO press VALUES('作家出版社','北京市朝阳区农展馆南里10号',2);
INSERT INTO press VALUES('广东人民出版社','广州市越秀区大沙头四马路10号',1);
INSERT INTO press VALUES('百花文艺出版社','天津市和平区西康路35号康岳大厦7-8层',1);
INSERT INTO press VALUES('南海出版社','海南省海口市海秀中路51-1号星城大厦第5层5A房',3);
INSERT INTO press VALUES('新星出版社','北京市西城区车公庄大街丙3-1',2);
INSERT INTO press VALUES('九州出版社','北京市西城区阜成门外大街甲35号',3);
INSERT INTO press VALUES('化学工业出版社','北京市东城区青年湖南街13号',2);
INSERT INTO press VALUES('四川文艺出版社','四川省成都市金石路新华之星大厦26层',3);
INSERT INTO press VALUES('北京日报出版社','北京市东城区朝阳门南小街6号楼303室',1);
INSERT INTO press VALUES('长江出版社','武汉市江岸区解放大道1863号长江水利委员会3号楼401-417室',1);
INSERT INTO press VALUES('四川少年儿童出版社','四川省成都市锦江区工业园区三色路238号1栋1单元23层',2);
INSERT INTO press VALUES('辽宁人民出版社','辽宁省沈阳市和平区十一纬路25号',1);
INSERT INTO press VALUES('天天出版社','北京市东城区东中街42号2号楼二层',1);
INSERT INTO press VALUES('浙江文艺出版社','浙江省杭州市体育场路347号',1);
INSERT INTO press VALUES('春风文艺出版社','沈阳市和平区十一纬路25号',1);
INSERT INTO press VALUES('上海文艺出版社','上海市绍兴路74号2楼',2);
INSERT INTO press VALUES('浙江大学出版社','天目山路浙江大学西溪校区',1);
INSERT INTO press VALUES('二十一世纪出版社','江西省南昌市子安路75号',1);
INSERT INTO press VALUES('湖南美术出版社','长沙市雨花区东二环622号',1);
INSERT INTO press VALUES('上海三联出版社','上海市绍兴路5号',1);
INSERT INTO press VALUES('生活·读书·新知三联书店 ','北京市东城区美术馆东街22号',1);
INSERT INTO press VALUES('译林出版社','南京市湖南路1号A楼',2);

-- category
INSERT INTO category VALUES('青春文学',6);
INSERT INTO category VALUES('外国小说',18);
INSERT INTO category VALUES('外国随笔',4);
INSERT INTO category VALUES('中国现当代随笔',16);
INSERT INTO category VALUES('社会小说',11);
INSERT INTO category VALUES('文集',2);
INSERT INTO category VALUES('名家文学',2);
INSERT INTO category VALUES('中国当代小说',5);
INSERT INTO category VALUES('推理小说',14);
INSERT INTO category VALUES('哲学',3);
INSERT INTO category VALUES('历史',6);
INSERT INTO category VALUES('休闲',2);
INSERT INTO category VALUES('法律',1);
INSERT INTO category VALUES('艺术',3);
INSERT INTO category VALUES('文学评论',3);
INSERT INTO category VALUES('情感小说',5);
INSERT INTO category VALUES('传记',1);

-- book
INSERT INTO book VALUES('9787535482822','你好旧时光','青春不朽',2015,1,1.00,'长江文艺出版社','八月长安','青春文学',57);
INSERT INTO book VALUES('9787535494160','暗恋橘生淮南','女主嘴炮能力超强！',2017,9,1.00,'北京联合出版有限公司','八月长安','青春文学',54);
INSERT INTO book VALUES('9787540462642','最好的我们','高中真的超级美好555',2013,3,1.0,'湖南文艺出版社','八月长安','青春文学',54);
INSERT INTO book VALUES('9787559425935','这么多年','啊啊啊啊啊原生家庭是很多东亚人的痛！',2013,21990,0.999,'江苏凤凰文艺出版社','八月长安','青春文学',61);
INSERT INTO book VALUES('9787535491978','时间的女儿',NULL,2017,1,1.0,'长江文艺出版社','八月长安','青春文学',5);
INSERT INTO book VALUES('9787540462666','被偷走的那五年',NULL,2013,2,1.0,'湖南文艺出版社','八月长安','青春文学',14);
INSERT INTO book VALUES('9787020120130','我的天才女友','很有共鸣！',2017,12936,1.0,'人民文学出版社','Elena Ferrante','外国小说',31);
INSERT INTO book VALUES('9787532169948','新名字的故事','好绝望好迷茫',2019,1221,1.0,'人民文学出版社','Elena Ferrante','外国小说',36);
INSERT INTO book VALUES('9787532169955','离开的，留下的','想刀了Nino',2019,1,1.0,'人民文学出版社','Elena Ferrante','外国小说',36);
INSERT INTO book VALUES('9787532170081','失踪的孩子','看完会让你浅浅的心碎',2019,1539,1.0,'人民文学出版社','Elena Ferrante','外国小说',36);
INSERT INTO book VALUES('9787020169498','成年人的谎言生活',NULL,2021,10974,0.999,'人民文学出版社','Elena Ferrante','外国小说',31);
INSERT INTO book VALUES('9787020159178','碎片',NULL,2020,19377,1.0,'人民文学出版社','Elena Ferrante','外国随笔',31);
INSERT INTO book VALUES('9787020174782','烦人的爱',NULL,2022,2065,0.999,'人民文学出版社','Elena Ferrante','外国小说',20);
INSERT INTO book VALUES('9787020146161','偶然的创造',NULL,2022,2535,1.0,'人民文学出版社','Elena Ferrante','外国随笔',33);
INSERT INTO book VALUES('9787020179688','被遗弃的日子',NULL,2023,1063,1.0,'人民文学出版社','Elena Ferrante','外国小说',30);
INSERT INTO book VALUES('9787537861120','人间草木',NULL,2020,26719,1.0,'北岳文艺出版社','汪曾祺','中国现当代随笔',21);
INSERT INTO book VALUES('9787559420008','受戒',NULL,2018,0,NULL,'江苏凤凰文艺出版社','汪曾祺','社会小说',20);
INSERT INTO book VALUES('9787210088004','生活，是很好玩的',NULL,2016,1120,0.999,'江西人民出版社','汪曾祺','中国现当代随笔',25);
INSERT INTO book VALUES('9787213105814','五味',NULL,2023,1001,1.0,'浙江人民出版社','汪曾祺','文集',23);
INSERT INTO book VALUES('9787559420015','岁朝清供',NULL,2018,2333,1.0,'江苏凤凰文艺出版社','汪曾祺','名家文学',18);
INSERT INTO book VALUES('9787201086545','人间滋味',NULL,2014,40550,0.998,'天津人民出版社','汪曾祺','中国现当代随笔',17);
INSERT INTO book VALUES('9787538756395','大淖记事',NULL,2018,42587,1.0,'时代文艺出版社','汪曾祺','社会小说',17);
INSERT INTO book VALUES('9787547424568','我在西南联大的日子',NULL,2018,9089,1.0,'山东画报出版社','汪曾祺','中国现当代随笔',27);
INSERT INTO book VALUES('9787214127624','食事',NULL,2014,81041,0.998,'江苏人民出版社','汪曾祺','中国现当代随笔',16);
INSERT INTO book VALUES('9787519456788','家人闲坐，灯火可亲',NULL,2020,54,1.0,'光明日报出版社','汪曾祺','中国现当代随笔',16);
INSERT INTO book VALUES('9787515313023','老味道',NULL,2022,370,0.997,'中国青年出版社','汪曾祺','名家文学',23);
INSERT INTO book VALUES('9787539963761','做饭',NULL,2013,5507,0.997,'江苏文艺出版社','汪曾祺','中国现当代随笔',16);
INSERT INTO book VALUES('9787201127163','山河故人',NULL,2018,11400,1.0,'天津人民出版社','汪曾祺','中国现当代随笔',24);
INSERT INTO book VALUES('9787550273603','茶，汤和好天气',NULL,2016,4,1.0,'北京联合出版有限公司','汪曾祺','中国现当代随笔',13);
INSERT INTO book VALUES('9787508680798','肉食者不鄙',NULL,2016,1383,1.0,'中信出版社','汪曾祺','中国现当代随笔',34);
INSERT INTO book VALUES('9787506360753','草木春秋',NULL,2020,1149,1.0,'作家出版社','汪曾祺','文集',14);
INSERT INTO book VALUES('9787500699415','水蛇腰',NULL,2011,2,1.0,'中国青年出版社','汪曾祺','中国当代小说',22);
INSERT INTO book VALUES('9787218138640','聊斋新义',NULL,2020,1,1.0,'广东人民出版社','汪曾祺','中国当代小说',25);
INSERT INTO book VALUES('9787550022188','一定要，爱着点什么',NULL,2017,1,1.0,'百花文艺出版社','汪曾祺','中国现当代随笔',40);
INSERT INTO book VALUES('9787201086538','人间有戏',NULL,2014,8124,0.998,'天津人民出版社','汪曾祺','中国现当代随笔',17);
INSERT INTO book VALUES('9787540494247','告白','中日两国畅销十年，推理小说经典读物，日本推理小说家凑佳苗成名之作，极善与极恶之间，校园与少年之中，伦理与正义分歧，每个人的看法都天差地别 ',2020,74731,0.992,'湖南文艺出版社','凑佳苗','推理小说',24);
INSERT INTO book VALUES('9787544272179','赎罪',NULL,2014,0,NULL,'南海出版社','凑佳苗','推理小说',20);
INSERT INTO book VALUES('9787544256872','为了N',NULL,2012,0,NULL,'南海出版社','凑佳苗','推理小说',48);
INSERT INTO book VALUES('9787559618030','往复书简',NULL,2018,0,NULL,'北京联合出版有限公司','凑佳苗','推理小说',8);
INSERT INTO book VALUES('9787540451967','夜行观览车',NULL,2012,1,1.0,'湖南文艺出版社','凑佳苗','推理小说',17);
INSERT INTO book VALUES('9787544254885','少女',NULL,2011,0,NULL,'南海出版社','凑佳苗','推理小说',18);
INSERT INTO book VALUES('9787513319843','物语终焉',NULL,2016,0,NULL,'新星出版社','凑佳苗','社会小说',23);
INSERT INTO book VALUES('9787540452537','花之链',NULL,2012,0,NULL,'湖南文艺出版社','凑佳苗','推理小说',13);
INSERT INTO book VALUES('9787540465445','闺蜜',NULL,2014,0,NULL,'湖南文艺出版社','凑佳苗','推理小说',6);
INSERT INTO book VALUES('9787510842832','睡在豌豆上',NULL,2016,0,NULL,'九州出版社','凑佳苗','社会小说',27);
INSERT INTO book VALUES('9787508669878','山女日记',NULL,2017,0,NULL,'中信出版社','凑佳苗','社会小说',26);
INSERT INTO book VALUES('9787506375320','蓝宝石',NULL,2014,0,NULL,'作家出版社','凑佳苗','社会小说',9);
INSERT INTO book VALUES('9787122224927','母性',NULL,2012,0,NULL,'化学工业出版社','凑佳苗','推理小说',57);
INSERT INTO book VALUES('9787559610652','绝唱',NULL,2018,0,NULL,'北京联合出版有限公司','凑佳苗','推理小说',16);
INSERT INTO book VALUES('9787559617316','反转',NULL,2018,0,NULL,'北京联合出版有限公司','凑佳苗','推理小说',17);
INSERT INTO book VALUES('9787541154737','望乡',NULL,2020,0,NULL,'四川文艺出版社','凑佳苗','外国小说',14);
INSERT INTO book VALUES('9787020119769','白雪公主杀人事件',NULL,2023,0,NULL,'人民文学出版社','凑佳苗','推理小说',49);
INSERT INTO book VALUES('9787122255181','高校入试',NULL,2016,0,NULL,'化学工业出版社','凑佳苗','推理小说',13);
INSERT INTO book VALUES('9787547742181','哲学家们都干了些什么',NULL,2022,11954,1.0,'北京日报出版社','林欣浩','哲学',30);
INSERT INTO book VALUES('9787549256525','佛祖都说了些什么',NULL,2018,41,1.0,'长江出版社','林欣浩','哲学',26);
INSERT INTO book VALUES('9787536564718','哇，历史原来可以这样学1',NULL,2016,3562,0.999,'四川少年儿童出版社','林欣浩','历史',11);
INSERT INTO book VALUES('9787536564725','哇，历史原来可以这样学2',NULL,2016,2373,0.998,'四川少年儿童出版社','林欣浩','历史',13);
INSERT INTO book VALUES('9787205065201','一个人也得下厨房',NULL,2009,0,NULL,'辽宁人民出版社','林欣浩','休闲',22);
INSERT INTO book VALUES('9787501616268','诸子百家闪耀时',NULL,2020,10135,1.0,'天天出版社','林欣浩','哲学',20);
INSERT INTO book VALUES('9787533956882','破局',NULL,2019,0,NULL,'浙江文艺出版社','林欣浩','历史',21);
INSERT INTO book VALUES('9787531337737','宅男美食大作战',NULL,2010,0,NULL,'春风文艺出版社','林欣浩','休闲',9);
INSERT INTO book VALUES('9787020171774','你的夏天还好吗？','书中形形色色的人物大多面临绝境，赤裸裸地暴露在现实之中，却试图寻找渺茫的希望。',2022,10556,1.0,'人民文学出版社','金爱烂','外国小说',26);
INSERT INTO book VALUES('9787020171910','外面是夏天',NULL,2022,0,NULL,'人民文学出版社','金爱烂','外国小说',25);
INSERT INTO book VALUES('9787532151844','噙满口水',NULL,2014,0,NULL,'上海文艺出版社','金爱烂','外国小说',383);
INSERT INTO book VALUES('9787020173747','我的忐忑人生',NULL,2022,21,1.0,'人民文学出版社','金爱烂','外国随笔',39);
INSERT INTO book VALUES('9787532145140','老爸，快跑',NULL,2012,0,NULL,'上海文艺出版社','金爱烂','社会小说',131);
INSERT INTO book VALUES('9787540478315','长安十二时辰',NULL,2020,534,0.998,'湖南文艺出版社','马伯庸','历史',50);
INSERT INTO book VALUES('9787550266384','古董局中局',NULL,2018,40880,1.0,'湖南文艺出版社','马伯庸','推理小说',92);
INSERT INTO book VALUES('9787540488475','显微镜下的大明','已经改编为电视剧',2019,236396,1.0,'湖南文艺出版社','马伯庸','历史',26);
INSERT INTO book VALUES('9787308106603','我读书少，你可别骗我',NULL,2012,5,1.0,'浙江大学出版社','马伯庸','中国当代小说',39);
INSERT INTO book VALUES('9787540482855','风起陇西',NULL,2017,25668,1.0,'湖南文艺出版社','马伯庸','历史',28);
INSERT INTO book VALUES('9787540483388','三国机密',NULL,2017,33272,1.0,'湖南文艺出版社','马伯庸','社会小说',40);
INSERT INTO book VALUES('9787540490874','三国配角演义',NULL,2019,21717,0.999,'湖南文艺出版社','马伯庸','历史',25);
INSERT INTO book VALUES('9787540473464','龙与地下铁',NULL,2016,10512,0.997,'湖南文艺出版社','马伯庸','中国当代小说',20);
INSERT INTO book VALUES('9787539138244','殷商舰队玛雅征服史',NULL,2007,1,1.0,'二十一世纪出版社','马伯庸','法律',93);
INSERT INTO book VALUES('9787559446619','孤独六讲',NULL,2020,14629,1.0,'江苏凤凰文艺出版社','蒋勋','中国现当代随笔',21);
INSERT INTO book VALUES('9787559446596','生活十讲',NULL,2020,3995,1.0,'江苏凤凰文艺出版社','蒋勋','中国现当代随笔',21);
INSERT INTO book VALUES('9787535672100','写给大家的西方美术史',NULL,2020,170446,0.998,'湖南美术出版社','蒋勋','艺术',49);
INSERT INTO book VALUES('9787508670911','蒋勋说红楼梦',NULL,2021,45993,0.999,'中信出版社','蒋勋','文学评论',264);
INSERT INTO book VALUES('9787535668776','吴哥之美',NULL,2020,45626,0.987,'湖南文艺出版社','蒋勋','中国现当代随笔',39);
INSERT INTO book VALUES('9787542678997','汉字书法之美',NULL,2020,1766,0.999,'上海三联出版社','蒋勋','艺术',59);
INSERT INTO book VALUES('9787508647579','蒋勋说宋词',NULL,2014,56178,0.999,'中信出版社','蒋勋','文学评论',29);
INSERT INTO book VALUES('9787508647562','蒋勋说唐诗',NULL,2014,57061,0.999,'中信出版社','蒋勋','文学评论',22);
INSERT INTO book VALUES('9787108030061','给青年艺术家的信',NULL,2009,0,NULL,'生活·读书·新知三联书店 ','蒋勋','艺术',88);
INSERT INTO book VALUES('9787559614711','橘子不是唯一的水果',NULL,2018,329085,0.999,'北京联合出版有限公司','Jeanette Winterson','社会小说',25);
INSERT INTO book VALUES('9787559614988','我要快乐，不必正常',NULL,2018,41305,1.0,'北京联合出版有限公司','Jeanette Winterson','传记',25);
INSERT INTO book VALUES('9787559634276','写在身体上',NULL,2019,6759,1.0,'北京联合出版有限公司','Jeanette Winterson','外国小说',25);
INSERT INTO book VALUES('9787559641984','给樱桃以性别',NULL,2020,14951,1.0,'北京联合出版有限公司','Jeanette Winterson','外国小说',30);
INSERT INTO book VALUES('9787540493240','守望灯塔',NULL,2020,2,1.0,'湖南文艺出版社','Jeanette Winterson','社会小说',19);
INSERT INTO book VALUES('9787550272842','时间之间',NULL,2016,0,NULL,'北京联合出版有限公司','Jeanette Winterson','情感小说',15);
INSERT INTO book VALUES('9787513301510','激情',NULL,2011,1,1.0,'新星出版社','Jeanette Winterson','情感小说',26);
INSERT INTO book VALUES('9787541157226','一个叫欧维的男人决定去死',NULL,2020,30475,1.0,'四川文艺出版社','Fredrik Backman','外国小说',41);
INSERT INTO book VALUES('9787201116693','外婆的道歉信',NULL,2017,659579,1.0,'天津人民出版社','Fredrik Backman','情感小说',41);
INSERT INTO book VALUES('9787201129396','清单人生',NULL,2018,115911,1.0,'天津人民出版社','Fredrik Backman','情感小说',21);
INSERT INTO book VALUES('9787541149337','熊镇',NULL,2018,61554,1.0,'四川文艺出版社','Fredrik Backman','外国小说',36);
INSERT INTO book VALUES('9787201142821','时间的礼物',NULL,2018,57146,0.999,'天津人民出版社','Fredrik Backman','情感小说',18);
INSERT INTO book VALUES('9787559628015','长长的回家路',NULL,2019,1,1.0,'北京联合出版有限公司','Fredrik Backman','外国小说',15);
INSERT INTO book VALUES('9787201158716','不要和你妈争辩',NULL,2019,18814,0.999,'天津人民出版社','Fredrik Backman','外国随笔',20);
INSERT INTO book VALUES('9787510846403','大裂',NULL,2017,7,1.0,'九州出版社','胡迁','推理小说',59);
INSERT INTO book VALUES('9787510857720','牛蛙',NULL,2017,0,NULL,'九州出版社','胡迁','中国现当代随笔',24);
INSERT INTO book VALUES('9787544780216','大象席地而坐',NULL,2022,10988,1.0,'译林出版社','胡迁','中国当代小说',34);
INSERT INTO book VALUES('9787544774277','远处的拉莫',NULL,2018,0,NULL,'译林出版社','胡迁','中国当代小说',37);

-- vip_rate
INSERT INTO vip_rate VALUES(0,1.0);
INSERT INTO vip_rate VALUES(1,0.9);
INSERT INTO vip_rate VALUES(2,0.8);
INSERT INTO vip_rate VALUES(3,0.7);
INSERT INTO vip_rate VALUES(4,0.6);
INSERT INTO vip_rate VALUES(5,0.5);
INSERT INTO vip_rate VALUES(6,0.4);

-- order_book
INSERT INTO order_book VALUES('9787020171910',1,2);
INSERT INTO order_book VALUES('9787020159178',1,1);
INSERT INTO order_book VALUES('9787213105814',2,1);
INSERT INTO order_book VALUES('9787508670911',3,4);
INSERT INTO order_book VALUES('9787020179688',4,1);
INSERT INTO order_book VALUES('9787020119769',5,1);
INSERT INTO order_book VALUES('9787020120130',6,1);
INSERT INTO order_book VALUES('9787020146161',7,1);
INSERT INTO order_book VALUES('9787020159178',8,1);
INSERT INTO order_book VALUES('9787020169498',9,1);
INSERT INTO order_book VALUES('9787020171774',10,1);
INSERT INTO order_book VALUES('9787020171910',11,1);
INSERT INTO order_book VALUES('9787020173747',12,1);
INSERT INTO order_book VALUES('9787020174782',13,1);
INSERT INTO order_book VALUES('9787020179688',14,1);
INSERT INTO order_book VALUES('9787108030061',15,1);
INSERT INTO order_book VALUES('9787122224927',16,1);
INSERT INTO order_book VALUES('9787122255181',17,1);
INSERT INTO order_book VALUES('9787201086538',18,1);
INSERT INTO order_book VALUES('9787201086545',19,1);
INSERT INTO order_book VALUES('9787201116693',20,1);
INSERT INTO order_book VALUES('9787201127163',21,1);
INSERT INTO order_book VALUES('9787201129396',22,1);
INSERT INTO order_book VALUES('9787201142821',23,1);
INSERT INTO order_book VALUES('9787201158716',23,2);
INSERT INTO order_book VALUES('9787205065201',23,1);
INSERT INTO order_book VALUES('9787210088004',24,1);
INSERT INTO order_book VALUES('9787213105814',25,1);
INSERT INTO order_book VALUES('9787214127624',25,1);
INSERT INTO order_book VALUES('9787218138640',26,1);
INSERT INTO order_book VALUES('9787308106603',27,1);
INSERT INTO order_book VALUES('9787500699415',28,1);
INSERT INTO order_book VALUES('9787501616268',29,1);
INSERT INTO order_book VALUES('9787506375320',30,1);
INSERT INTO order_book VALUES('9787506375320',31,1);
INSERT INTO order_book VALUES('9787506375320',32,1);
INSERT INTO order_book VALUES('9787506375320',33,1);
INSERT INTO order_book VALUES('9787506375320',34,1);
INSERT INTO order_book VALUES('9787506375320',35,1);
INSERT INTO order_book VALUES('9787506375320',36,1);
INSERT INTO order_book VALUES('9787506375320',37,1);
INSERT INTO order_book VALUES('9787506375320',38,1);
INSERT INTO order_book VALUES('9787506375320',39,1);
INSERT INTO order_book VALUES('9787506375320',40,1);
INSERT INTO order_book VALUES('9787506375320',41,1);
INSERT INTO order_book VALUES('9787506375320',42,1);
INSERT INTO order_book VALUES('9787506375320',43,1);
INSERT INTO order_book VALUES('9787506375320',44,1);
INSERT INTO order_book VALUES('9787506375320',45,1);
INSERT INTO order_book VALUES('9787506375320',46,1);
INSERT INTO order_book VALUES('9787506375320',47,1);
INSERT INTO order_book VALUES('9787506375320',48,1);
INSERT INTO order_book VALUES('9787506375320',49,1);
INSERT INTO order_book VALUES('9787506375320',50,1);
INSERT INTO order_book VALUES('9787506375320',51,1);
INSERT INTO order_book VALUES('9787506375320',52,1);
INSERT INTO order_book VALUES('9787506375320',53,1);
INSERT INTO order_book VALUES('9787506375320',54,1);
INSERT INTO order_book VALUES('9787506375320',55,1);
INSERT INTO order_book VALUES('9787506375320',56,1);
INSERT INTO order_book VALUES('9787506375320',57,1);
INSERT INTO order_book VALUES('9787506375320',58,1);
INSERT INTO order_book VALUES('9787506375320',59,1);
INSERT INTO order_book VALUES('9787506375320',60,1);
INSERT INTO order_book VALUES('9787506375320',61,1);
INSERT INTO order_book VALUES('9787506375320',62,1);
INSERT INTO order_book VALUES('9787506375320',63,1);
INSERT INTO order_book VALUES('9787506375320',64,1);
INSERT INTO order_book VALUES('9787506375320',65,1);
INSERT INTO order_book VALUES('9787506375320',66,1);
INSERT INTO order_book VALUES('9787506375320',67,1);
INSERT INTO order_book VALUES('9787506375320',68,1);
INSERT INTO order_book VALUES('9787506375320',69,1);
INSERT INTO order_book VALUES('9787506375320',70,1);
INSERT INTO order_book VALUES('9787506375320',71,1);
INSERT INTO order_book VALUES('9787506375320',72,1);
INSERT INTO order_book VALUES('9787506375320',73,1);
INSERT INTO order_book VALUES('9787506375320',74,1);
INSERT INTO order_book VALUES('9787506375320',75,1);
INSERT INTO order_book VALUES('9787506375320',76,1);
INSERT INTO order_book VALUES('9787506375320',77,1);
INSERT INTO order_book VALUES('9787506375320',78,1);
INSERT INTO order_book VALUES('9787506375320',79,1);
INSERT INTO order_book VALUES('9787506375320',80,1);
INSERT INTO order_book VALUES('9787506375320',81,1);
INSERT INTO order_book VALUES('9787506375320',82,1);
INSERT INTO order_book VALUES('9787506375320',83,1);
INSERT INTO order_book VALUES('9787506375320',84,1);
INSERT INTO order_book VALUES('9787506375320',85,1);
INSERT INTO order_book VALUES('9787506375320',86,1);
INSERT INTO order_book VALUES('9787506375320',87,1);
INSERT INTO order_book VALUES('9787506375320',88,1);
INSERT INTO order_book VALUES('9787506375320',89,1);
INSERT INTO order_book VALUES('9787506375320',90,1);
INSERT INTO order_book VALUES('9787506375320',91,1);
INSERT INTO order_book VALUES('9787506375320',92,1);
INSERT INTO order_book VALUES('9787506375320',93,1);
INSERT INTO order_book VALUES('9787506375320',94,1);
INSERT INTO order_book VALUES('9787506375320',95,1);
INSERT INTO order_book VALUES('9787506375320',96,1);
INSERT INTO order_book VALUES('9787506375320',97,1);
INSERT INTO order_book VALUES('9787506375320',98,1);
INSERT INTO order_book VALUES('9787506375320',99,1);
INSERT INTO order_book VALUES('9787506375320',100,1);
INSERT INTO order_book VALUES('9787506375320',101,1);
INSERT INTO order_book VALUES('9787506375320',102,1);
INSERT INTO order_book VALUES('9787506375320',103,1);
INSERT INTO order_book VALUES('9787506375320',104,1);
INSERT INTO order_book VALUES('9787506375320',105,1);

-- order
INSERT INTO orders(update_time,receipt_place,customer_id,price_sum) VALUES(STR_TO_DATE('2022-02-15 08:00:00','%Y-%m-%d %h:%i:%s'),'湖北省武汉市武昌区八一路87号','Ashlynnnnnnn',81);
INSERT INTO orders(update_time,receipt_place,customer_id,price_sum) VALUES(STR_TO_DATE('2022-02-15 08:00:00','%Y-%m-%d %h:%i:%s'),'湖北省武汉市武昌区八一路87号','Ashlynnnnnnn',23);
INSERT INTO orders(update_time,receipt_place,customer_id,price_sum) VALUES(STR_TO_DATE('2022-02-15 08:00:07','%Y-%m-%d %h:%i:%s'),'湖北省武汉市八一路2号','szzh05104',1056);
INSERT INTO orders(update_time,receipt_place,customer_id,price_sum) VALUES(STR_TO_DATE('2022-02-15 08:00:07','%Y-%m-%d %h:%i:%s'),'湖北省武汉市八一路2号','szzh05104',27);
INSERT INTO orders(update_time,receipt_place,customer_id,price_sum) VALUES(STR_TO_DATE('2022-02-15 08:01:07','%Y-%m-%d %h:%i:%s'),'北京市北京航空航天大学','qUpQSxV8FQ',49);
INSERT INTO orders(update_time,receipt_place,customer_id,price_sum) VALUES(STR_TO_DATE('2022-02-15 08:01:07','%Y-%m-%d %h:%i:%s'),'北京市成府路69号','l830UnWQfy',31);
INSERT INTO orders(update_time,receipt_place,customer_id,price_sum) VALUES(STR_TO_DATE('2022-02-15 08:02:00','%Y-%m-%d %h:%i:%s'),'北京市成府路69号','KgqSaekhIA',33);
INSERT INTO orders(update_time,receipt_place,customer_id,price_sum) VALUES(STR_TO_DATE('2022-02-15 08:02:20','%Y-%m-%d %h:%i:%s'),'北京市学院路29号中国地质大学内','X4fMEfIyHo',31);
INSERT INTO orders(update_time,receipt_place,customer_id,price_sum) VALUES(STR_TO_DATE('2022-02-15 08:02:30','%Y-%m-%d %h:%i:%s'),'北京市北四环西路68号','celraa4UMEeE0b',31);
INSERT INTO orders(update_time,receipt_place,customer_id,price_sum) VALUES(STR_TO_DATE('2022-02-15 08:02:37','%Y-%m-%d %h:%i:%s'),'北京市颐和园路5号北京大学45甲楼','ThLG49xT',26);
INSERT INTO orders(update_time,receipt_place,customer_id,price_sum) VALUES(STR_TO_DATE('2022-02-15 08:02:40','%Y-%m-%d %h:%i:%s'),'北京市中关村创业大街2号','LF7BlXcaut',25);
INSERT INTO orders(update_time,receipt_place,customer_id,price_sum) VALUES(STR_TO_DATE('2022-02-15 08:05:40','%Y-%m-%d %h:%i:%s'),'北京市海淀大街31号海淀图书城籍海楼314室(近苏州街)','sanfenmeihao',39);
INSERT INTO orders(update_time,receipt_place,customer_id,price_sum) VALUES(STR_TO_DATE('2022-02-15 08:05:50','%Y-%m-%d %h:%i:%s'),'北京市海淀大街31号籍海楼2层206','qqqqqqqq',20);
INSERT INTO orders(update_time,receipt_place,customer_id,price_sum) VALUES(STR_TO_DATE('2022-02-15 08:05:50','%Y-%m-%d %h:%i:%s'),'北京市西直门外大街1号院凯德MALL·西直门3层','lilixiyv',30);
INSERT INTO orders(update_time,receipt_place,customer_id,price_sum) VALUES(STR_TO_DATE('2022-02-15 08:07:50','%Y-%m-%d %h:%i:%s'),'北京市甘家口南小院1号','starclusterrr',88);
INSERT INTO orders(update_time,receipt_place,customer_id,price_sum) VALUES(STR_TO_DATE('2022-02-15 09:07:50','%Y-%m-%d %h:%i:%s'),'上海市福州路465号','xiaqijian',57);
INSERT INTO orders(update_time,receipt_place,customer_id,price_sum) VALUES(STR_TO_DATE('2022-02-16 09:07:50','%Y-%m-%d %h:%i:%s'),'上海市淮海中路624号','echoecho',13);
INSERT INTO orders(update_time,receipt_place,customer_id,price_sum) VALUES(STR_TO_DATE('2022-02-17 09:07:50','%Y-%m-%d %h:%i:%s'),'上海市地铁1号线上海体育场站内','ciLIPugVMPnJU',17);
INSERT INTO orders(update_time,receipt_place,customer_id,price_sum) VALUES(STR_TO_DATE('2022-02-18 09:07:50','%Y-%m-%d %h:%i:%s'),'上海市东方路710号汤臣金融大厦地下1层','R5QA7XqSTPE',17);
INSERT INTO orders(update_time,receipt_place,customer_id,price_sum) VALUES(STR_TO_DATE('2022-02-19 09:07:50','%Y-%m-%d %h:%i:%s'),'上海市南京东路830号第一百货6楼(近西藏中路)','NIuCIem3',41);
INSERT INTO orders(update_time,receipt_place,customer_id,price_sum) VALUES(STR_TO_DATE('2022-02-20 09:07:50','%Y-%m-%d %h:%i:%s'),'上海市西藏北路198号大悦城二期6层602-612号','ephlzWTAv5AYYUzB',24);
INSERT INTO orders(update_time,receipt_place,customer_id,price_sum) VALUES(STR_TO_DATE('2022-02-20 09:10:50','%Y-%m-%d %h:%i:%s'),'上海市福州路531弄2-5号','FkVcZVND23aprv7w',21);
INSERT INTO orders(update_time,receipt_place,customer_id,price_sum) VALUES(STR_TO_DATE('2022-02-20 09:20:50','%Y-%m-%d %h:%i:%s'),'上海市马当路245号新天地时尚购物广场B112号','rLXkruUip5t2',80);
INSERT INTO orders(update_time,receipt_place,customer_id,price_sum) VALUES(STR_TO_DATE('2022-02-20 09:20:50','%Y-%m-%d %h:%i:%s'),'上海市马当路245号新天地时尚购物广场B112号','rLXkruUip5t2',25);
INSERT INTO orders(update_time,receipt_place,customer_id,price_sum) VALUES(STR_TO_DATE('2022-02-21 09:20:50','%Y-%m-%d %h:%i:%s'),'上海市邯郸路600号城中城地下1层B1-2A/B1-2B','qhBVj0bXwXB',39);
INSERT INTO orders(update_time,receipt_place,customer_id,price_sum) VALUES(STR_TO_DATE('2022-02-21 09:20:50','%Y-%m-%d %h:%i:%s'),'上海市邯郸路600号城中城地下1层B1-2A/B1-2B','qhBVj0bXwXB',25);
INSERT INTO orders(update_time,receipt_place,customer_id,price_sum) VALUES(STR_TO_DATE('2022-02-21 09:20:50','%Y-%m-%d %h:%i:%s'),'上海市邯郸路600号城中城地下1层B1-2A/B1-2B','qhBVj0bXwXB',39);
INSERT INTO orders(update_time,receipt_place,customer_id,price_sum) VALUES(STR_TO_DATE('2022-03-21 09:20:50','%Y-%m-%d %h:%i:%s'),'上海市巨鹿路828号','zYZk9BzLAf',22);
INSERT INTO orders(update_time,receipt_place,customer_id,price_sum) VALUES(STR_TO_DATE('2022-04-21 09:20:50','%Y-%m-%d %h:%i:%s'),'上海市乌鲁木齐南路178号','9nD3C00xtRxWQvt',20);
INSERT INTO orders(update_time,receipt_place,customer_id,price_sum) VALUES(STR_TO_DATE('2022-05-21 09:20:50','%Y-%m-%d %h:%i:%s'),'上海市安福路300号','yrCcExoYvH3njH6',9);
INSERT INTO orders(update_time,receipt_place,customer_id,price_sum) VALUES(STR_TO_DATE('2022-06-21 09:20:50','%Y-%m-%d %h:%i:%s'),'湖北省武汉市芦沟桥路68号','ug1s9myjdIYS',54);
INSERT INTO orders(update_time,receipt_place,customer_id,price_sum) VALUES(STR_TO_DATE('2022-06-21 09:20:50','%Y-%m-%d %h:%i:%s'),'湖北省武汉市芦沟桥路68号','e53x1gaFalkAKWz',54);
INSERT INTO orders(update_time,receipt_place,customer_id,price_sum) VALUES(STR_TO_DATE('2022-06-21 09:20:50','%Y-%m-%d %h:%i:%s'),'湖北省武汉市芦沟桥路68号','K9zJGMZ3MUYoW',54);
INSERT INTO orders(update_time,receipt_place,customer_id,price_sum) VALUES(STR_TO_DATE('2022-06-21 09:20:50','%Y-%m-%d %h:%i:%s'),'湖北省武汉市芦沟桥路68号','PmGHSvqq0ID96',54);
INSERT INTO orders(update_time,receipt_place,customer_id,price_sum) VALUES(STR_TO_DATE('2022-06-21 09:20:50','%Y-%m-%d %h:%i:%s'),'湖北省武汉市芦沟桥路68号','XQhDfk6WfG',54);
INSERT INTO orders(update_time,receipt_place,customer_id,price_sum) VALUES(STR_TO_DATE('2022-06-21 09:20:50','%Y-%m-%d %h:%i:%s'),'湖北省武汉市芦沟桥路68号','aWVyrMFYf9',54);
INSERT INTO orders(update_time,receipt_place,customer_id,price_sum) VALUES(STR_TO_DATE('2022-06-21 09:20:50','%Y-%m-%d %h:%i:%s'),'湖北省武汉市芦沟桥路68号','k9ruk2BdEI',54);
INSERT INTO orders(update_time,receipt_place,customer_id,price_sum) VALUES(STR_TO_DATE('2022-06-21 09:20:50','%Y-%m-%d %h:%i:%s'),'湖北省武汉市芦沟桥路68号','yITecB4FeSfjOj0J',54);
INSERT INTO orders(update_time,receipt_place,customer_id,price_sum) VALUES(STR_TO_DATE('2022-06-21 09:20:50','%Y-%m-%d %h:%i:%s'),'湖北省武汉市芦沟桥路68号','k5ouXz5N6fdoq',54);
INSERT INTO orders(update_time,receipt_place,customer_id,price_sum) VALUES(STR_TO_DATE('2022-06-21 09:20:50','%Y-%m-%d %h:%i:%s'),'湖北省武汉市芦沟桥路68号','dehEGY59U',54);
INSERT INTO orders(update_time,receipt_place,customer_id,price_sum) VALUES(STR_TO_DATE('2022-06-21 09:20:50','%Y-%m-%d %h:%i:%s'),'湖北省武汉市芦沟桥路68号','2xtbvZjyu',54);
INSERT INTO orders(update_time,receipt_place,customer_id,price_sum) VALUES(STR_TO_DATE('2022-06-21 09:20:50','%Y-%m-%d %h:%i:%s'),'湖北省武汉市芦沟桥路68号','u2lE997pdPDqYX6',54);
INSERT INTO orders(update_time,receipt_place,customer_id,price_sum) VALUES(STR_TO_DATE('2022-06-21 09:20:50','%Y-%m-%d %h:%i:%s'),'湖北省武汉市芦沟桥路68号','zTtXMU0A2zAbGJ',54);
INSERT INTO orders(update_time,receipt_place,customer_id,price_sum) VALUES(STR_TO_DATE('2022-06-21 09:20:50','%Y-%m-%d %h:%i:%s'),'湖北省武汉市芦沟桥路68号','O3Pias9eLV',54);
INSERT INTO orders(update_time,receipt_place,customer_id,price_sum) VALUES(STR_TO_DATE('2022-06-21 09:20:50','%Y-%m-%d %h:%i:%s'),'湖北省武汉市芦沟桥路68号','dikAaOQxougOa25i',54);
INSERT INTO orders(update_time,receipt_place,customer_id,price_sum) VALUES(STR_TO_DATE('2022-06-21 09:20:50','%Y-%m-%d %h:%i:%s'),'湖北省武汉市芦沟桥路68号','lhVgv40fe1',54);
INSERT INTO orders(update_time,receipt_place,customer_id,price_sum) VALUES(STR_TO_DATE('2022-06-21 09:20:50','%Y-%m-%d %h:%i:%s'),'湖北省武汉市芦沟桥路68号','dozWfYgVw5',54);
INSERT INTO orders(update_time,receipt_place,customer_id,price_sum) VALUES(STR_TO_DATE('2022-06-21 09:20:50','%Y-%m-%d %h:%i:%s'),'湖北省武汉市芦沟桥路68号','G8yQuI9mAh2v',54);
INSERT INTO orders(update_time,receipt_place,customer_id,price_sum) VALUES(STR_TO_DATE('2022-06-21 09:20:50','%Y-%m-%d %h:%i:%s'),'湖北省武汉市芦沟桥路68号','lvqUjGgHq',54);
INSERT INTO orders(update_time,receipt_place,customer_id,price_sum) VALUES(STR_TO_DATE('2022-06-21 09:20:50','%Y-%m-%d %h:%i:%s'),'湖北省武汉市芦沟桥路68号','EBQ6a0VtbQ5m5',54);
INSERT INTO orders(update_time,receipt_place,customer_id,price_sum) VALUES(STR_TO_DATE('2022-06-21 09:20:50','%Y-%m-%d %h:%i:%s'),'湖北省武汉市芦沟桥路68号','4OCqTT0BwUvrN',54);
INSERT INTO orders(update_time,receipt_place,customer_id,price_sum) VALUES(STR_TO_DATE('2022-06-21 09:20:50','%Y-%m-%d %h:%i:%s'),'湖北省武汉市芦沟桥路68号','9yH4ov1Nqcl',54);
INSERT INTO orders(update_time,receipt_place,customer_id,price_sum) VALUES(STR_TO_DATE('2022-06-21 09:20:50','%Y-%m-%d %h:%i:%s'),'湖北省武汉市芦沟桥路68号','ggZ6DYOIeY14zI',54);
INSERT INTO orders(update_time,receipt_place,customer_id,price_sum) VALUES(STR_TO_DATE('2022-06-21 09:20:50','%Y-%m-%d %h:%i:%s'),'湖北省武汉市芦沟桥路68号','1QLUhMDlQw896RdH',54);
INSERT INTO orders(update_time,receipt_place,customer_id,price_sum) VALUES(STR_TO_DATE('2022-06-21 09:20:50','%Y-%m-%d %h:%i:%s'),'湖北省武汉市芦沟桥路68号','QAqFKipRpIg0v',54);
INSERT INTO orders(update_time,receipt_place,customer_id,price_sum) VALUES(STR_TO_DATE('2022-06-21 09:20:50','%Y-%m-%d %h:%i:%s'),'湖北省武汉市芦沟桥路68号','pQxnc0MfBwcr',54);
INSERT INTO orders(update_time,receipt_place,customer_id,price_sum) VALUES(STR_TO_DATE('2022-06-21 09:20:50','%Y-%m-%d %h:%i:%s'),'湖北省武汉市芦沟桥路68号','6CkFFdS9UoqHzNO',54);
INSERT INTO orders(update_time,receipt_place,customer_id,price_sum) VALUES(STR_TO_DATE('2022-06-21 09:20:50','%Y-%m-%d %h:%i:%s'),'湖北省武汉市芦沟桥路68号','X8DeE0JGMajwg',54);
INSERT INTO orders(update_time,receipt_place,customer_id,price_sum) VALUES(STR_TO_DATE('2022-06-21 09:20:50','%Y-%m-%d %h:%i:%s'),'湖北省武汉市芦沟桥路68号','yw6ywHfg',54);
INSERT INTO orders(update_time,receipt_place,customer_id,price_sum) VALUES(STR_TO_DATE('2022-06-21 09:20:50','%Y-%m-%d %h:%i:%s'),'湖北省武汉市芦沟桥路68号','5OVp8xx5xNOOIM11',54);
INSERT INTO orders(update_time,receipt_place,customer_id,price_sum) VALUES(STR_TO_DATE('2022-06-21 09:20:50','%Y-%m-%d %h:%i:%s'),'湖北省武汉市芦沟桥路68号','svu73cUi',54);
INSERT INTO orders(update_time,receipt_place,customer_id,price_sum) VALUES(STR_TO_DATE('2022-06-21 09:20:50','%Y-%m-%d %h:%i:%s'),'湖北省武汉市芦沟桥路68号','xyWyeqLgPBfF6ar',54);
INSERT INTO orders(update_time,receipt_place,customer_id,price_sum) VALUES(STR_TO_DATE('2022-06-21 09:20:50','%Y-%m-%d %h:%i:%s'),'湖北省武汉市芦沟桥路68号','IUbWkjwiYZk85zRG',54);
INSERT INTO orders(update_time,receipt_place,customer_id,price_sum) VALUES(STR_TO_DATE('2022-06-21 09:20:50','%Y-%m-%d %h:%i:%s'),'湖北省武汉市芦沟桥路68号','ubwxfU5KrZVaou',54);
INSERT INTO orders(update_time,receipt_place,customer_id,price_sum) VALUES(STR_TO_DATE('2022-06-21 09:20:50','%Y-%m-%d %h:%i:%s'),'湖北省武汉市芦沟桥路68号','3UYs32MYPd',54);
INSERT INTO orders(update_time,receipt_place,customer_id,price_sum) VALUES(STR_TO_DATE('2022-06-21 09:20:50','%Y-%m-%d %h:%i:%s'),'湖北省武汉市芦沟桥路68号','eXpvKj5O2HCMYwh',54);
INSERT INTO orders(update_time,receipt_place,customer_id,price_sum) VALUES(STR_TO_DATE('2022-06-21 09:20:50','%Y-%m-%d %h:%i:%s'),'湖北省武汉市芦沟桥路68号','SajzPrbR',54);
INSERT INTO orders(update_time,receipt_place,customer_id,price_sum) VALUES(STR_TO_DATE('2022-06-21 09:20:50','%Y-%m-%d %h:%i:%s'),'湖北省武汉市芦沟桥路68号','JEEVPTMxDCNpZ',54);
INSERT INTO orders(update_time,receipt_place,customer_id,price_sum) VALUES(STR_TO_DATE('2022-06-21 09:20:50','%Y-%m-%d %h:%i:%s'),'湖北省武汉市芦沟桥路68号','hc7stPGLwmE',54);
INSERT INTO orders(update_time,receipt_place,customer_id,price_sum) VALUES(STR_TO_DATE('2022-06-21 09:20:50','%Y-%m-%d %h:%i:%s'),'湖北省武汉市芦沟桥路68号','pVuB2zdJKCbu',54);
INSERT INTO orders(update_time,receipt_place,customer_id,price_sum) VALUES(STR_TO_DATE('2022-06-21 09:20:50','%Y-%m-%d %h:%i:%s'),'湖北省武汉市芦沟桥路68号','QHjVP73m',54);
INSERT INTO orders(update_time,receipt_place,customer_id,price_sum) VALUES(STR_TO_DATE('2022-06-21 09:20:50','%Y-%m-%d %h:%i:%s'),'湖北省武汉市芦沟桥路68号','uq7elr9lQBgqYOjr',54);
INSERT INTO orders(update_time,receipt_place,customer_id,price_sum) VALUES(STR_TO_DATE('2022-06-21 09:20:50','%Y-%m-%d %h:%i:%s'),'湖北省武汉市芦沟桥路68号','yGa6NCJNLzDBO7OL',54);
INSERT INTO orders(update_time,receipt_place,customer_id,price_sum) VALUES(STR_TO_DATE('2022-06-21 09:20:50','%Y-%m-%d %h:%i:%s'),'湖北省武汉市芦沟桥路68号','qY66x5fRDTmnREf',54);
INSERT INTO orders(update_time,receipt_place,customer_id,price_sum) VALUES(STR_TO_DATE('2022-06-21 09:20:50','%Y-%m-%d %h:%i:%s'),'湖北省武汉市芦沟桥路68号','pcRpYKPnqDjN8',54);
INSERT INTO orders(update_time,receipt_place,customer_id,price_sum) VALUES(STR_TO_DATE('2022-06-21 09:20:50','%Y-%m-%d %h:%i:%s'),'湖北省武汉市芦沟桥路68号','fzSvYduEpD5B9EM',54);
INSERT INTO orders(update_time,receipt_place,customer_id,price_sum) VALUES(STR_TO_DATE('2022-06-21 09:20:50','%Y-%m-%d %h:%i:%s'),'湖北省武汉市芦沟桥路68号','1JZrE4ho',54);
INSERT INTO orders(update_time,receipt_place,customer_id,price_sum) VALUES(STR_TO_DATE('2022-06-21 09:20:50','%Y-%m-%d %h:%i:%s'),'湖北省武汉市芦沟桥路68号','dqBa3qOZEkm',54);
INSERT INTO orders(update_time,receipt_place,customer_id,price_sum) VALUES(STR_TO_DATE('2022-06-21 09:20:50','%Y-%m-%d %h:%i:%s'),'湖北省武汉市芦沟桥路68号','2xG5seHAA10k5',54);
INSERT INTO orders(update_time,receipt_place,customer_id,price_sum) VALUES(STR_TO_DATE('2022-06-21 09:20:50','%Y-%m-%d %h:%i:%s'),'湖北省武汉市芦沟桥路68号','f4i1AUzsr',54);
INSERT INTO orders(update_time,receipt_place,customer_id,price_sum) VALUES(STR_TO_DATE('2022-06-21 09:20:50','%Y-%m-%d %h:%i:%s'),'湖北省武汉市芦沟桥路68号','k9uybCPKNZA',54);
INSERT INTO orders(update_time,receipt_place,customer_id,price_sum) VALUES(STR_TO_DATE('2022-06-21 09:20:50','%Y-%m-%d %h:%i:%s'),'湖北省武汉市芦沟桥路68号','LzheKmC0xAkfX',54);
INSERT INTO orders(update_time,receipt_place,customer_id,price_sum) VALUES(STR_TO_DATE('2022-06-21 09:20:50','%Y-%m-%d %h:%i:%s'),'湖北省武汉市芦沟桥路68号','ASwyj49HEV7t6',54);
INSERT INTO orders(update_time,receipt_place,customer_id,price_sum) VALUES(STR_TO_DATE('2022-06-21 09:20:50','%Y-%m-%d %h:%i:%s'),'湖北省武汉市芦沟桥路68号','yOM0jNnYLmuGHRc',54);
INSERT INTO orders(update_time,receipt_place,customer_id,price_sum) VALUES(STR_TO_DATE('2022-06-21 09:20:50','%Y-%m-%d %h:%i:%s'),'湖北省武汉市芦沟桥路68号','RGAAOKwC8gLZctv',54);
INSERT INTO orders(update_time,receipt_place,customer_id,price_sum) VALUES(STR_TO_DATE('2022-06-21 09:20:50','%Y-%m-%d %h:%i:%s'),'湖北省武汉市芦沟桥路68号','sUpWCKxVdndVn',54);
INSERT INTO orders(update_time,receipt_place,customer_id,price_sum) VALUES(STR_TO_DATE('2022-06-21 09:20:50','%Y-%m-%d %h:%i:%s'),'湖北省武汉市芦沟桥路68号','7DIkyf8o',54);
INSERT INTO orders(update_time,receipt_place,customer_id,price_sum) VALUES(STR_TO_DATE('2022-06-21 09:20:50','%Y-%m-%d %h:%i:%s'),'湖北省武汉市芦沟桥路68号','VCOc47fY',54);
INSERT INTO orders(update_time,receipt_place,customer_id,price_sum) VALUES(STR_TO_DATE('2022-06-21 09:20:50','%Y-%m-%d %h:%i:%s'),'湖北省武汉市芦沟桥路68号','95mzDpiO',54);
INSERT INTO orders(update_time,receipt_place,customer_id,price_sum) VALUES(STR_TO_DATE('2022-06-21 09:20:50','%Y-%m-%d %h:%i:%s'),'湖北省武汉市芦沟桥路68号','l9R75xefqQK7EW',54);
INSERT INTO orders(update_time,receipt_place,customer_id,price_sum) VALUES(STR_TO_DATE('2022-06-21 09:20:50','%Y-%m-%d %h:%i:%s'),'湖北省武汉市芦沟桥路68号','5owy6dCymSzcb',54);
INSERT INTO orders(update_time,receipt_place,customer_id,price_sum) VALUES(STR_TO_DATE('2022-06-21 09:20:50','%Y-%m-%d %h:%i:%s'),'湖北省武汉市芦沟桥路68号','GDJCocJxw',54);
INSERT INTO orders(update_time,receipt_place,customer_id,price_sum) VALUES(STR_TO_DATE('2022-06-21 09:20:50','%Y-%m-%d %h:%i:%s'),'湖北省武汉市芦沟桥路68号','p0ERSBbocl4L',54);
INSERT INTO orders(update_time,receipt_place,customer_id,price_sum) VALUES(STR_TO_DATE('2022-06-21 09:20:50','%Y-%m-%d %h:%i:%s'),'湖北省武汉市芦沟桥路68号','D2XTiRJfSy',54);
INSERT INTO orders(update_time,receipt_place,customer_id,price_sum) VALUES(STR_TO_DATE('2022-06-21 09:20:50','%Y-%m-%d %h:%i:%s'),'湖北省武汉市芦沟桥路68号','mgrClSyIa',54);
INSERT INTO orders(update_time,receipt_place,customer_id,price_sum) VALUES(STR_TO_DATE('2022-06-21 09:20:50','%Y-%m-%d %h:%i:%s'),'湖北省武汉市芦沟桥路68号','favve1FbACE5bG',54);
INSERT INTO orders(update_time,receipt_place,customer_id,price_sum) VALUES(STR_TO_DATE('2022-06-21 09:20:50','%Y-%m-%d %h:%i:%s'),'湖北省武汉市芦沟桥路68号','tF2ZJGYUYxQpoAL',54);
INSERT INTO orders(update_time,receipt_place,customer_id,price_sum) VALUES(STR_TO_DATE('2022-06-21 09:20:50','%Y-%m-%d %h:%i:%s'),'湖北省武汉市芦沟桥路68号','rghg7XLTys',54);
INSERT INTO orders(update_time,receipt_place,customer_id,price_sum) VALUES(STR_TO_DATE('2022-06-21 09:20:50','%Y-%m-%d %h:%i:%s'),'湖北省武汉市芦沟桥路68号','UXa8EzQ4',54);
INSERT INTO orders(update_time,receipt_place,customer_id,price_sum) VALUES(STR_TO_DATE('2022-06-21 09:20:50','%Y-%m-%d %h:%i:%s'),'湖北省武汉市芦沟桥路68号','66hM7UjodE2dnJ',54);
INSERT INTO orders(update_time,receipt_place,customer_id,price_sum) VALUES(STR_TO_DATE('2022-06-21 09:20:50','%Y-%m-%d %h:%i:%s'),'湖北省武汉市芦沟桥路68号','gGcDgY3nkf',54);
INSERT INTO orders(update_time,receipt_place,customer_id,price_sum) VALUES(STR_TO_DATE('2022-06-21 09:20:50','%Y-%m-%d %h:%i:%s'),'湖北省武汉市芦沟桥路68号','yttWMhRj',54);
INSERT INTO orders(update_time,receipt_place,customer_id,price_sum) VALUES(STR_TO_DATE('2022-06-21 09:20:50','%Y-%m-%d %h:%i:%s'),'湖北省武汉市芦沟桥路68号','EW4hsGVoNj9i76f',54);
INSERT INTO orders(update_time,receipt_place,customer_id,price_sum) VALUES(STR_TO_DATE('2022-06-21 09:20:50','%Y-%m-%d %h:%i:%s'),'湖北省武汉市芦沟桥路68号','XYvcdEvBG',54);
INSERT INTO orders(update_time,receipt_place,customer_id,price_sum) VALUES(STR_TO_DATE('2022-06-21 09:20:50','%Y-%m-%d %h:%i:%s'),'湖北省武汉市芦沟桥路68号','QXACT8VnZGXe1Obm',54);

-- customer
INSERT INTO customer VALUES('Ashlynnnnnnn','ashlyn','7d63c1469b8cc84d5540b553265574558224ec8bb248ea4ac8bc26379b7a8f5c','ashlynsun@163.com','15377016336',0,81,'normal',2,'湖北省武汉市武昌区八一路87号');
INSERT INTO customer VALUES('szzh05104','szzh','d8228e79ebdb339edb3aa9e985b006a2c74ccb0bc04cbb5b26030b06e48b02e8','szzh@gmail.com','13995596192',1,1056,'normal',4,'湖北省武汉市八一路2号');
INSERT INTO customer VALUES('qUpQSxV8FQ','quP','2d1bf574f8f3c80afd5f14e48661d7db0435828715069570e8217e1dd5877921',NULL,'15278275283',0,0,'normal',5,'北京市北京航空航天大学');
INSERT INTO customer VALUES('l830UnWQfy','888333','cc465b43622c898b7eafd352140eb961ec4e6ca119b723871ca4e77e21925933',NULL,'15752124707',0,0,'normal',6,'北京市成府路69号');
INSERT INTO customer VALUES('KgqSaekhIA','KKKKKKK','3776b93a2dbc47118d9442ec95d6e8246dc75acac24b38741f20f7f434a910ae',NULL,'16940199513',0,0,'normal',7,'北京市成府路69号');
INSERT INTO customer VALUES('X4fMEfIyHo','hohohoho','f68536a419d5be8f5efeb3305f0fe00315f7426c65137e0201d5c73939cf7314',NULL,'17651483470',0,0,'normal',8,'北京市学院路29号中国地质大学内');
INSERT INTO customer VALUES('celraa4UMEeE0b','celraa','6a8eb34da4c6af893efa2b928fc3b69a8fe2808a0337a852431960466463a58b',NULL,'19001710235',0,0,'normal',9,'北京市北四环西路68号');
INSERT INTO customer VALUES('ThLG49xT','thorn','5d9a1f619fc2f31f2ded6f7fe1f6187ec3c9a42a8d521eb62d5c7c60daafff66',NULL,'13130765577',0,0,'normal',10,'北京市颐和园路5号北京大学45甲楼');
INSERT INTO customer VALUES('LF7BlXcaut','lfandr','489f2d83364b760796075fb050aea10ab099205c724887698119578e046dee94',NULL,'18518315906',0,0,'normal',11,'北京市中关村创业大街2号');
INSERT INTO customer VALUES('sanfenmeihao','wzw','c804d3fd344fd5c0e4944970c1e3e76390b0e290aa536d29c59f31a1134a9b56',NULL,'13780101221',0,0,'normal',12,'北京市海淀大街31号海淀图书城籍');
INSERT INTO customer VALUES('qqqqqqqq','Q','911b3ec40fd199467064bbe683616bf203b3bda21befec37a51950dddf506915',NULL,'17826262893',0,0,'normal',13,'北京市海淀大街31号籍海楼2层206');
INSERT INTO customer VALUES('lilixiyv','lxy','aa084c8b74da07ea2704d6ce8cc83523fa06101a6492a7f5267a26ee31ada779',NULL,'16308414964',0,0,'normal',14,'北京市西直门外大街1号院凯德MALL·西直门3层');
INSERT INTO customer VALUES('starclusterrr','starclusterrr','0d40010b836b18a49f8d8683c2d3b5851e7a84d496f78f9ee6c81bf47996266a',NULL,'18201706629',0,0,'normal',15,'北京市甘家口南小院1号');
INSERT INTO customer VALUES('xiaqijian','下期见','a134c5ac96217868eea3c5f9a43c4bc7262d5d8c86197d85677b0b3e9000c9e0',NULL,'18065796475',0,0,'normal',16,'上海市福州路465号');
INSERT INTO customer VALUES('echoecho','echo','5601ea4052564dd1156d4e3082fd8645ed3eddfe88733cd820e3d77e0690892e',NULL,'19388815004',0,0,'normal',17,'上海市淮海中路624号');
INSERT INTO customer VALUES('ciLIPugVMPnJU','alice-cli','7f6d55b97045da606c8dd0452bd951c7fffa0abc3b1d41c1e87431884e87c495',NULL,'13720333883',0,0,'normal',18,'上海市地铁1号线上海体育场站内');
INSERT INTO customer VALUES('R5QA7XqSTPE','rrround','eaa58101059c250f340e2eb17b8b4882332f212ed64b6e0e54028b8dfb5b6f8e',NULL,'19884988461',0,0,'normal',19,'上海市东方路710号汤臣金融大厦地下');
INSERT INTO customer VALUES('NIuCIem3','nucllear','b74894053ef632a3694358c3868e8d3a62dd7f7ad798982ef931eefa33fa03e2',NULL,'15841686693',0,0,'normal',20,'上海市南京东路830号第一百货6楼(近西藏中路)');
INSERT INTO customer VALUES('ephlzWTAv5AYYUzB','elephant','5b6ac47d0360826e27d79f2e694eb8a9bcc8f8c095503ffcdaf67a4c33544958',NULL,'18835284977',0,0,'normal',21,'上海市西藏北路198号大悦城二期6层602-612号');
INSERT INTO customer VALUES('FkVcZVND23aprv7w','fuzzy~','d0e081c9106061bbfde7e9f40fb8e304bef1fa6f6d8d1bb97a157f76c77a1b80',NULL,'13468627899',0,0,'normal',22,'上海市福州路531弄2-5号');
INSERT INTO customer VALUES('rLXkruUip5t2','521521bad','5a46461fd2b912e083a6df4854eddaf7362e5c6992a6a95ba3c68d3224dbc489',NULL,'15491066125',0,80,'normal',24,'上海市马当路245号新天地时尚购物广场B112号');
INSERT INTO customer VALUES('qhBVj0bXwXB','qqqqqaaa','bd9183b25016429afc7f2b85f6b0e3e8a257279e8aed02a883fb9b7979909158',NULL,'13658258195',0,64,'normal',27,'上海市邯郸路600号城中城地下1层B1-2A/B1-2B');
INSERT INTO customer VALUES('zYZk9BzLAf','zzzzYY','abf5e0de24474351eb903ed5c8ec42ab637c5e0c59c68fe10434f697811e0db5',NULL,'18308553386',0,0,'normal',28,'上海市巨鹿路828号');
INSERT INTO customer VALUES('9nD3C00xtRxWQvt','9900','d09d4fe8e5b38200e1359047b4a3db7a165a70bda4f0102d0327d97e13535fe9',NULL,'13499374066',0,0,'normal',29,'上海市乌鲁木齐南路178号');
INSERT INTO customer VALUES('yrCcExoYvH3njH6','yrh6','e7761d561a6544930c54a74712a4ef8f712bf7c0561d2e6e5ff760e8f9f65914',NULL,'13608311943',0,0,'normal',30,'上海市安福路300号');
INSERT INTO customer VALUES('aaashlynnn','ashlynsun','19919f0a3d39ad453ef72fb459f6305bb60cc805aef0cbb4560b783da7719f55','ashlynsun0923@gmail.com','13608311943',NULL,NULL,'super',NULL,NULL);
INSERT INTO customer VALUES('ug1s9myjdIYS','ug1s9myjdIYS','4aff559cc7a1733f2a4c3477a46e1ff94646b6ace028c33c9a007422b42ed126',NULL,'17242482643',0,0,'normal',31,'湖北省武汉市芦沟桥路68号');
INSERT INTO customer VALUES('e53x1gaFalkAKWz','e53x1gaFalkAKWz','ce369cda5a0ce3cb24bccdf1972f8f8c0e0b1f9326ddca47f2a71c0cb7f5c754',NULL,'19784721560',0,0,'normal',32,'湖北省武汉市芦沟桥路68号');
INSERT INTO customer VALUES('K9zJGMZ3MUYoW','K9zJGMZ3MUYoW','3b69e31d53145d4fc7567627592efb7bf90c98eb40235543141a13f3c595c01a',NULL,'19137594680',0,0,'normal',33,'湖北省武汉市芦沟桥路68号');
INSERT INTO customer VALUES('PmGHSvqq0ID96','PmGHSvqq0ID96','a72375c010d3b2fc28bac507590eef811a75255b01b2a2a739b0095f8dc73355',NULL,'13382345464',0,0,'normal',34,'湖北省武汉市芦沟桥路68号');
INSERT INTO customer VALUES('XQhDfk6WfG','XQhDfk6WfG','5dc16bb0f393ca6b029a0f022a0ce13f0e10eecd21a47547b5deea501290b995',NULL,'19345550947',0,0,'normal',35,'湖北省武汉市芦沟桥路68号');
INSERT INTO customer VALUES('aWVyrMFYf9','aWVyrMFYf9','fb2787f2dfddbab1a780488cc59e4cad9df2fb531908d24beacb55f9ec3ff051',NULL,'15514359207',0,0,'normal',36,'湖北省武汉市芦沟桥路68号');
INSERT INTO customer VALUES('k9ruk2BdEI','k9ruk2BdEI','3d0db1ab7f778237711f73830182d52358c0708a806922276e11654994943bcf',NULL,'13421065905',0,0,'normal',37,'湖北省武汉市芦沟桥路68号');
INSERT INTO customer VALUES('yITecB4FeSfjOj0J','yITecB4FeSfjOj0J','818016e6458997ec06a5d469fb2254b8fc72e186d5a2fa1ee1bf6cd088974579',NULL,'17528194984',0,0,'normal',38,'湖北省武汉市芦沟桥路68号');
INSERT INTO customer VALUES('k5ouXz5N6fdoq','k5ouXz5N6fdoq','e861597f9a662d793a52242cf9aeb3f9786804e15f96f6e60bd98f02c46da811',NULL,'15687184300',0,0,'normal',39,'湖北省武汉市芦沟桥路68号');
INSERT INTO customer VALUES('dehEGY59U','dehEGY59U','8a660cec25a51394f4d87873c21619de6b17c9ffef59e0d8e05a8cb2bc9ce3da',NULL,'16993800462',0,0,'normal',40,'湖北省武汉市芦沟桥路68号');
INSERT INTO customer VALUES('2xtbvZjyu','2xtbvZjyu','5b530cdb24b6d986fb62aefbce8c54c50f5381a2e8439c0b90f09347e141982a',NULL,'15386043658',0,0,'normal',41,'湖北省武汉市芦沟桥路68号');
INSERT INTO customer VALUES('u2lE997pdPDqYX6','u2lE997pdPDqYX6','7198c69f319e1ed5788aed690773de5018c8c57e392e741e671818fdf5a2dcab',NULL,'15881309717',0,0,'normal',42,'湖北省武汉市芦沟桥路68号');
INSERT INTO customer VALUES('zTtXMU0A2zAbGJ','zTtXMU0A2zAbGJ','71eeb262d5d8d0aff781def60e130bfc680c698f7a61fd85831caef57ecfa45e',NULL,'16272310710',0,0,'normal',43,'湖北省武汉市芦沟桥路68号');
INSERT INTO customer VALUES('O3Pias9eLV','O3Pias9eLV','abd3f6dcc67ec1cb975e1175e898c15d6522707626130d16f613871734adc078',NULL,'18592443056',0,0,'normal',44,'湖北省武汉市芦沟桥路68号');
INSERT INTO customer VALUES('dikAaOQxougOa25i','dikAaOQxougOa25i','1d9246054b7ee76946f365835944b1f51df4c75cb2ec267fee38f2fc9dbda1c5',NULL,'16374689522',0,0,'normal',45,'湖北省武汉市芦沟桥路68号');
INSERT INTO customer VALUES('lhVgv40fe1','lhVgv40fe1','35a1cad5c115ee4000b3261003a35a660fce516d3481f25823ce159aa4dba348',NULL,'18835595705',0,0,'normal',46,'湖北省武汉市芦沟桥路68号');
INSERT INTO customer VALUES('dozWfYgVw5','dozWfYgVw5','0a6e977eed3e93124f4b46a22c69e4ac0a98e87b37b20594ede3fb547f89a58f',NULL,'13081987648',0,0,'normal',47,'湖北省武汉市芦沟桥路68号');
INSERT INTO customer VALUES('G8yQuI9mAh2v','G8yQuI9mAh2v','5c455dd47a77f0e86e39bb2544a1267852d6d58f59be9295bb18ab0069cad4ec',NULL,'19560061573',0,0,'normal',48,'湖北省武汉市芦沟桥路68号');
INSERT INTO customer VALUES('lvqUjGgHq','lvqUjGgHq','b58ce92b3f5e835662399233ccf968187555ef4aba6d6d7d18ddffda23d4fd8a',NULL,'16357248096',0,0,'normal',49,'湖北省武汉市芦沟桥路68号');
INSERT INTO customer VALUES('EBQ6a0VtbQ5m5','EBQ6a0VtbQ5m5','4c109540ef31df2e5ca4f5dcb8882efcfdc1d2349b334b319e4bbfd7705d9ccf',NULL,'18106236121',0,0,'normal',50,'湖北省武汉市芦沟桥路68号');
INSERT INTO customer VALUES('4OCqTT0BwUvrN','4OCqTT0BwUvrN','7846fb97e85b776a9b74d219e0572d154dcec4a76a8f043c6aea8cae9e63328f',NULL,'18661682553',0,0,'normal',51,'湖北省武汉市芦沟桥路68号');
INSERT INTO customer VALUES('9yH4ov1Nqcl','9yH4ov1Nqcl','6ed2c125accb50ae5e5b1e335d12c6cd5ea0d9df1d4ff95e7ac578aa2ccf0c78',NULL,'18463137921',0,0,'normal',52,'湖北省武汉市芦沟桥路68号');
INSERT INTO customer VALUES('ggZ6DYOIeY14zI','ggZ6DYOIeY14zI','3ed847acb9c715b2713df4857feab902dcf54088408cab29aa4e21618390a7f1',NULL,'19626581187',0,0,'normal',53,'湖北省武汉市芦沟桥路68号');
INSERT INTO customer VALUES('1QLUhMDlQw896RdH','1QLUhMDlQw896RdH','f08c4280e469e3435d55d4d22100586acf5cce9aeb2407da672340f66329603f',NULL,'13752273898',0,0,'normal',54,'湖北省武汉市芦沟桥路68号');
INSERT INTO customer VALUES('QAqFKipRpIg0v','QAqFKipRpIg0v','4a43ee11e0e448c0fdcf51ca23fa33529816d0631344e2ee58b5903448e53920',NULL,'15904413674',0,0,'normal',55,'湖北省武汉市芦沟桥路68号');
INSERT INTO customer VALUES('pQxnc0MfBwcr','pQxnc0MfBwcr','f34e987b7d46ab15b2deb54f3e0ac3b83a9e3d3ac27648d5259c80bfb03fb211',NULL,'17850328137',0,0,'normal',56,'湖北省武汉市芦沟桥路68号');
INSERT INTO customer VALUES('6CkFFdS9UoqHzNO','6CkFFdS9UoqHzNO','6a802a79c3a8e35e8bd451b934f3e3464fef263be013c71749295de79cfd4c77',NULL,'13382103655',0,0,'normal',57,'湖北省武汉市芦沟桥路68号');
INSERT INTO customer VALUES('X8DeE0JGMajwg','X8DeE0JGMajwg','9c30d3d785cc3da38a56c2bd0073f52cbdb5e7367f585d4b224d4b28610780c8',NULL,'19616922058',0,0,'normal',58,'湖北省武汉市芦沟桥路68号');
INSERT INTO customer VALUES('yw6ywHfg','yw6ywHfg','e22585536b54cc65a27b95d57cd3234e64da2bd67abd3fb858d1249efbfd1758',NULL,'13054098293',0,0,'normal',59,'湖北省武汉市芦沟桥路68号');
INSERT INTO customer VALUES('5OVp8xx5xNOOIM11','5OVp8xx5xNOOIM11','d31654f81be1b161d225fc3436a79fe4a46a31e40c2ae6e3a70421db729d66d6',NULL,'18913509266',0,0,'normal',60,'湖北省武汉市芦沟桥路68号');
INSERT INTO customer VALUES('svu73cUi','svu73cUi','d36c0286ca18a00f4816a617764d8131ece51553dcb04b581f6600e6c892c3a0',NULL,'17770149999',0,0,'normal',61,'湖北省武汉市芦沟桥路68号');
INSERT INTO customer VALUES('xyWyeqLgPBfF6ar','xyWyeqLgPBfF6ar','f0090ead6ff65700b9e9234685e93bb14b3c015a337d3606620625b440ab52b2',NULL,'13891097044',0,0,'normal',62,'湖北省武汉市芦沟桥路68号');
INSERT INTO customer VALUES('IUbWkjwiYZk85zRG','IUbWkjwiYZk85zRG','1d38903dfaf40de8ef1aaeed6f2626f0f197b780ffff86ba79c40af68107160b',NULL,'13148610500',0,0,'normal',63,'湖北省武汉市芦沟桥路68号');
INSERT INTO customer VALUES('ubwxfU5KrZVaou','ubwxfU5KrZVaou','2fe1282e61a9b89d1501723eaf36126e2a337b805a902c87edc2c3db74d117cd',NULL,'17282800514',0,0,'normal',64,'湖北省武汉市芦沟桥路68号');
INSERT INTO customer VALUES('3UYs32MYPd','3UYs32MYPd','400f4a01d0e8bf656c59cc4af81baeeb0c5dbf0e8b298eda8cc474ecec3f3af2',NULL,'17698608653',0,0,'normal',65,'湖北省武汉市芦沟桥路68号');
INSERT INTO customer VALUES('eXpvKj5O2HCMYwh','eXpvKj5O2HCMYwh','48090e7dcc32762828dddf8495fc480477f1ef62c4da13c13ac9e9fd449ac4b7',NULL,'19681062072',0,0,'normal',66,'湖北省武汉市芦沟桥路68号');
INSERT INTO customer VALUES('SajzPrbR','SajzPrbR','bae4dbfaef31e55a1f15f04f2fd2a2bd36c42834a804b4b5aaddec3527a3f9c9',NULL,'19103009910',0,0,'normal',67,'湖北省武汉市芦沟桥路68号');
INSERT INTO customer VALUES('JEEVPTMxDCNpZ','JEEVPTMxDCNpZ','f827ada56fc23504c022799f50e0d81590bdc7812cedf422445994693a824464',NULL,'17093840503',0,0,'normal',68,'湖北省武汉市芦沟桥路68号');
INSERT INTO customer VALUES('hc7stPGLwmE','hc7stPGLwmE','7f3e28503423aa5e9f06b655b8f83082e64247704ef98b90ae603f92d5c5a5e6',NULL,'19781356064',0,0,'normal',69,'湖北省武汉市芦沟桥路68号');
INSERT INTO customer VALUES('pVuB2zdJKCbu','Chuu','d2263983f88c4184c8764267726b273781bb3475563910bafc891ad6ebd98da4',NULL,'18441962466',0,0,'normal',70,'湖北省武汉市芦沟桥路68号');
INSERT INTO customer VALUES('QHjVP73m','QHjVP73m','63810d8eeb068605d54b877def9b64d879043ceadf19faa4da7e04796936aa4b',NULL,'13744087835',0,0,'normal',71,'湖北省武汉市芦沟桥路68号');
INSERT INTO customer VALUES('uq7elr9lQBgqYOjr','uq7elr9lQBgqYOjr','5d3078b2566fc582cb5e054818385614aa63388e61b1fe3b7db7c9061778aabb',NULL,'19179477971',0,0,'normal',72,'湖北省武汉市芦沟桥路68号');
INSERT INTO customer VALUES('yGa6NCJNLzDBO7OL','yGa6NCJNLzDBO7OL','2afa4d1f30ab19833f84b549478893ea01ea1c1a70c697915658ca9097a7a274',NULL,'13323116538',0,0,'normal',73,'湖北省武汉市芦沟桥路68号');
INSERT INTO customer VALUES('qY66x5fRDTmnREf','qY66x5fRDTmnREf','9ac31466979ff4a289d2044ffbec09dd9dcd00e854db251e2df715475499acd4',NULL,'19557554921',0,0,'normal',74,'湖北省武汉市芦沟桥路68号');
INSERT INTO customer VALUES('pcRpYKPnqDjN8','pcRpYKPnqDjN8','6ff0271f5534d2984101f1ba73e4e9b19d3378afc49c0d86a0f2d5c353ec2394',NULL,'15892468712',0,0,'normal',75,'湖北省武汉市芦沟桥路68号');
INSERT INTO customer VALUES('fzSvYduEpD5B9EM','fzSvYduEpD5B9EM','aefc69983678e19f5b28d64311fe95757410ed764b32b7966172df156a3c14f7',NULL,'15757354131',0,0,'normal',76,'湖北省武汉市芦沟桥路68号');
INSERT INTO customer VALUES('1JZrE4ho','1JZrE4ho','13a8a22432fe6a9a5b38a2e49084524b79193cf11901db097cbda68bd799dfdf',NULL,'13715883642',0,0,'normal',77,'湖北省武汉市芦沟桥路68号');
INSERT INTO customer VALUES('dqBa3qOZEkm','dqBa3qOZEkm','0c5484a1bbe4fffb7e73418e86ca3438760726d87c30d75d3a01374384bd8d94',NULL,'18395415259',0,0,'normal',78,'湖北省武汉市芦沟桥路68号');
INSERT INTO customer VALUES('2xG5seHAA10k5','2xG5seHAA10k5','f677911730560546867f9b18d0261695d031f8d0b3840fe57dd7b89994d0f246',NULL,'17103915985',0,0,'normal',79,'湖北省武汉市芦沟桥路68号');
INSERT INTO customer VALUES('f4i1AUzsr','f4i1AUzsr','87defe68904381657412445680f4761dfd59799404cee4660595b9787e99b49c',NULL,'19765319451',0,0,'normal',80,'湖北省武汉市芦沟桥路68号');
INSERT INTO customer VALUES('k9uybCPKNZA','k9uybCPKNZA','5437ff1470e3d55b8a42d2039a429a13514e626d50299f24b20bb7ecca811268',NULL,'17295668734',0,0,'normal',81,'湖北省武汉市芦沟桥路68号');
INSERT INTO customer VALUES('LzheKmC0xAkfX','LzheKmC0xAkfX','1381e62941365b407e156d4197b5b4b95431c44fccc1b25d25875ae2ac29a693',NULL,'13049288230',0,0,'normal',82,'湖北省武汉市芦沟桥路68号');
INSERT INTO customer VALUES('ASwyj49HEV7t6','ASwyj49HEV7t6','1b9c4d07e7ef4555696e1787c144c90462b8775d84342563f07a8ac0a076bee0',NULL,'17783694424',0,0,'normal',83,'湖北省武汉市芦沟桥路68号');
INSERT INTO customer VALUES('yOM0jNnYLmuGHRc','yOM0jNnYLmuGHRc','f8f7950ca1ca0091ce45c84a6bff279a1e24232ea47df55a9f0c0b7ba7d15c45',NULL,'19337189197',0,0,'normal',84,'湖北省武汉市芦沟桥路68号');
INSERT INTO customer VALUES('RGAAOKwC8gLZctv','RGAAOKwC8gLZctv','02cf7c9be982fb0a0be55c61e328a7dca9ad4ecfe512baf7d3783e568d4cfc69',NULL,'15411531644',0,0,'normal',85,'湖北省武汉市芦沟桥路68号');
INSERT INTO customer VALUES('sUpWCKxVdndVn','sUpWCKxVdndVn','1878252a3635c8f75a6ac342ed65ccc1bbd7c1108c54448938e572be7fdb0afa',NULL,'13750324688',0,0,'normal',86,'湖北省武汉市芦沟桥路68号');
INSERT INTO customer VALUES('7DIkyf8o','7DIkyf8o','ee52f7b27d7e39c75fa125f747aa1712848f2163209d4622902bb1e7a1909679',NULL,'14374176805',0,0,'normal',87,'湖北省武汉市芦沟桥路68号');
INSERT INTO customer VALUES('VCOc47fY','VCOc47fY','6ab7507ccb6611e6b37725e27d1c7d4190133959ec6a42450d1e76ddce18005f',NULL,'18862237742',0,0,'normal',88,'湖北省武汉市芦沟桥路68号');
INSERT INTO customer VALUES('95mzDpiO','95mzDpiO','7f3c0865215c992f2b8200ccc15db2e8950d748c926704bf41d1786f3053db8e',NULL,'17187038687',0,0,'normal',89,'湖北省武汉市芦沟桥路68号');
INSERT INTO customer VALUES('l9R75xefqQK7EW','l9R75xefqQK7EW','dc374d18807b1337ec284254734b545236109cf5108a9fa88f4d38957e45e85e',NULL,'13770017039',0,0,'normal',90,'湖北省武汉市芦沟桥路68号');
INSERT INTO customer VALUES('5owy6dCymSzcb','5owy6dCymSzcb','c871e9776777c5b2cd11b29e477c21ef6feebf790b80c841185794ac0a99eb21',NULL,'19039208746',0,0,'normal',91,'湖北省武汉市芦沟桥路68号');
INSERT INTO customer VALUES('GDJCocJxw','GDJCocJxw','b3aee550722a6bcc7b75395230de439d711de200f844edcc4fcbea626c85970e',NULL,'13058004799',0,0,'normal',92,'湖北省武汉市芦沟桥路68号');
INSERT INTO customer VALUES('p0ERSBbocl4L','p0ERSBbocl4L','7cdd7fe19ae571acebcf309797e572fb33433dcd94784129166e47a28fd1895f',NULL,'13277159590',0,0,'normal',93,'湖北省武汉市芦沟桥路68号');
INSERT INTO customer VALUES('D2XTiRJfSy','D2XTiRJfSy','84da70c5e86656005bb3d25d918bd92193eaac20141e22195739f4fe07c01381',NULL,'15321631275',0,0,'normal',94,'湖北省武汉市芦沟桥路68号');
INSERT INTO customer VALUES('mgrClSyIa','mgrClSyIa','08d943c49184e55ba9651b7834072c9253ba29554768ff94ed0a174023d95891',NULL,'15307086305',0,0,'normal',95,'湖北省武汉市芦沟桥路68号');
INSERT INTO customer VALUES('favve1FbACE5bG','favve1FbACE5bG','b5e9eae7d38ce96c6c37900a97bd557f710ccdf82f4886545db35dad1161974a',NULL,'15312999872',0,0,'normal',96,'湖北省武汉市芦沟桥路68号');
INSERT INTO customer VALUES('tF2ZJGYUYxQpoAL','tF2ZJGYUYxQpoAL','d3175af5bce71936afacf0d25d1cfb809b6b6abafe8db9dbc386e18372a0c192',NULL,'17365393437',0,0,'normal',97,'湖北省武汉市芦沟桥路68号');
INSERT INTO customer VALUES('rghg7XLTys','rghg7XLTys','8371354b85e87d7e860ae71f17702f019449988a36a24af617dae9f4d52ff4e8',NULL,'15177057051',0,0,'normal',98,'湖北省武汉市芦沟桥路68号');
INSERT INTO customer VALUES('UXa8EzQ4','UXa8EzQ4','535823659460610b4b05f9a0c496787dffb467fa6b617142ec3d33a6bd6531b3',NULL,'15976527724',0,0,'normal',99,'湖北省武汉市芦沟桥路68号');
INSERT INTO customer VALUES('66hM7UjodE2dnJ','66hM7UjodE2dnJ','53ec375ce101e3bba4bb1b2d0b0cfaefb7e1e309fe152f850f2160e9ca2a502d',NULL,'17007207458',0,0,'normal',100,'湖北省武汉市芦沟桥路68号');
INSERT INTO customer VALUES('gGcDgY3nkf','gGcDgY3nkf','d5af421ecd43a3324fc525b73d172a899d55de7862a652a2269091510bbc7ea4',NULL,'14339167830',0,0,'normal',101,'湖北省武汉市芦沟桥路68号');
INSERT INTO customer VALUES('yttWMhRj','yttWMhRj','981d21acd9601966ab4b6188da329d035607cdeb4d20718c8b22a882d0a864ee',NULL,'17049944063',0,0,'normal',102,'湖北省武汉市芦沟桥路68号');
INSERT INTO customer VALUES('EW4hsGVoNj9i76f','EW4hsGVoNj9i76f','4fc96cc8d4f3a87ca71c1a165f0b80a9c3bf8efa6ce265ff89b18c109504240f',NULL,'19691387330',0,0,'normal',103,'湖北省武汉市芦沟桥路68号');
INSERT INTO customer VALUES('XYvcdEvBG','XYvcdEvBG','326c10f443656e77c9b1a21c7271d4f75a7a163ae035887582ac86f11f06fc0f',NULL,'18079671169',0,0,'normal',104,'湖北省武汉市芦沟桥路68号');
INSERT INTO customer VALUES('QXACT8VnZGXe1Obm','QXACT8VnZGXe1Obm','d1635fea7687c0ee43eb1cef0a25c5ca9af9ab07248a93a6f920a147d36c31a9',NULL,'19288510110',0,0,'normal',105,'湖北省武汉市芦沟桥路68号');

-- 恢复外键检查
SET FOREIGN_KEY_CHECKS=1;